Per-byte mismatches for APPLIED and PARTIAL patches.
kind: still-clean = ROM has the pre-patch value; conflict = ROM has a third value.
'explains' lists other patches that write exactly the observed byte at that offset.

=== backups, other ppls patches\[3687]Final+Fantasy+V+-+GBA+Script+Port\ff5\Final Fantasy V - GBA Script Port.ips [PARTIAL, 5.8% of 197835 informative bytes, delta 0] ===
  0x00D3A2: expected 7F, found 3F (still-clean)
  0x00D3C2: expected FE, found FC (still-clean)
  0x00D3EC: expected 7F, found 3F (still-clean)
  0x00D40C: expected FE, found FC (still-clean)
  0x00D6C7: expected 00, found 19 (still-clean)  explains: [5665]ff5_dbl_xp_gold_abp.zip::FFV Clean v195.ips
  0x00D6C9: expected 00, found 19 (still-clean)  explains: Final Fantasy V Tweaks v2.7a.ips, Final Fantasy V (J) [T+Spa1.06f_noisecross][CRC32_4BADF779].ips, [5665]ff5_dbl_xp_gold_abp.zip::FFV Clean v195.ips
  0x00D6CB: expected 11, found 19 (still-clean)  explains: Final Fantasy V Tweaks v2.7a.ips, [5665]ff5_dbl_xp_gold_abp.zip::FFV Clean v195.ips
  0x00D6CD: expected 11, found 19 (still-clean)  explains: Final Fantasy V Tweaks v2.7a.ips, [5665]ff5_dbl_xp_gold_abp.zip::FFV Clean v195.ips
  0x00D6CF: expected 11, found 0F (still-clean)  explains: [5665]ff5_dbl_xp_gold_abp.zip::FFV Clean v195.ips
  0x00D6E7: expected 00, found 80 (still-clean)  explains: [5665]ff5_dbl_xp_gold_abp.zip::FFV Clean v195.ips
  0x00D6E9: expected 00, found 80 (still-clean)  explains: Final Fantasy V Tweaks v2.7a.ips, [5665]ff5_dbl_xp_gold_abp.zip::FFV Clean v195.ips
  0x00D6EB: expected 00, found 8F (still-clean)  explains: [5665]ff5_dbl_xp_gold_abp.zip::FFV Clean v195.ips
  0x00D6ED: expected 00, found 99 (still-clean)  explains: [5665]ff5_dbl_xp_gold_abp.zip::FFV Clean v195.ips
  0x00D6EF: expected 31, found 19 (still-clean)  explains: [5665]ff5_dbl_xp_gold_abp.zip::FFV Clean v195.ips
  0x00D70B: expected 00, found 0E (still-clean)  explains: [5665]ff5_dbl_xp_gold_abp.zip::FFV Clean v195.ips
  0x00D70D: expected 00, found 99 (still-clean)  explains: [5665]ff5_dbl_xp_gold_abp.zip::FFV Clean v195.ips
  0x00D70F: expected 80, found 9C (still-clean)  explains: [5665]ff5_dbl_xp_gold_abp.zip::FFV Clean v195.ips
  0x00D729: expected 00, found 18 (still-clean)  explains: Final Fantasy V (J) [T+Spa1.06f_noisecross][CRC32_4BADF779].ips, [5665]ff5_dbl_xp_gold_abp.zip::FFV Clean v195.ips
  0x00D72B: expected 11, found 1C (still-clean)  explains: Final Fantasy V (J) [T+Spa1.06f_noisecross][CRC32_4BADF779].ips, [5665]ff5_dbl_xp_gold_abp.zip::FFV Clean v195.ips
  0x00D72D: expected 19, found 1E (still-clean)  explains: Final Fantasy V (J) [T+Spa1.06f_noisecross][CRC32_4BADF779].ips, [5665]ff5_dbl_xp_gold_abp.zip::FFV Clean v195.ips
  0x00D72F: expected 19, found 17 (still-clean)  explains: Final Fantasy V (J) [T+Spa1.06f_noisecross][CRC32_4BADF779].ips, [5665]ff5_dbl_xp_gold_abp.zip::FFV Clean v195.ips
  0x00D747: expected 00, found 40 (still-clean)  explains: Final Fantasy V (J) [T+Spa1.06f_noisecross][CRC32_4BADF779].ips, [5665]ff5_dbl_xp_gold_abp.zip::FFV Clean v195.ips
  0x00D749: expected 00, found 40 (still-clean)  explains: Final Fantasy V Tweaks v2.7a.ips, Final Fantasy V (J) [T+Spa1.06f_noisecross][CRC32_4BADF779].ips, [5665]ff5_dbl_xp_gold_abp.zip::FFV Clean v195.ips
  0x00D74B: expected 00, found 47 (still-clean)  explains: Final Fantasy V (J) [T+Spa1.06f_noisecross][CRC32_4BADF779].ips, [5665]ff5_dbl_xp_gold_abp.zip::FFV Clean v195.ips
  0x00D74D: expected 00, found 4C (still-clean)  explains: Final Fantasy V (J) [T+Spa1.06f_noisecross][CRC32_4BADF779].ips, [5665]ff5_dbl_xp_gold_abp.zip::FFV Clean v195.ips
  0x00D74F: expected 30, found 4C (still-clean)  explains: Final Fantasy V (J) [T+Spa1.06f_noisecross][CRC32_4BADF779].ips, [5665]ff5_dbl_xp_gold_abp.zip::FFV Clean v195.ips
  0x00D76B: expected 00, found 80 (still-clean)  explains: Final Fantasy V (J) [T+Spa1.06f_noisecross][CRC32_4BADF779].ips, [5665]ff5_dbl_xp_gold_abp.zip::FFV Clean v195.ips
  0x00D76D: expected 00, found C0 (still-clean)  explains: Final Fantasy V (J) [T+Spa1.06f_noisecross][CRC32_4BADF779].ips, [5665]ff5_dbl_xp_gold_abp.zip::FFV Clean v195.ips
  0x00D76F: expected 00, found C0 (still-clean)  explains: Final Fantasy V (J) [T+Spa1.06f_noisecross][CRC32_4BADF779].ips, [5665]ff5_dbl_xp_gold_abp.zip::FFV Clean v195.ips
  0x00D8C1: expected 0A, found 06 (still-clean)  explains: [5665]ff5_dbl_xp_gold_abp.zip::FFV Clean v195.ips
  0x00D8C3: expected 04, found 06 (still-clean)  explains: Final Fantasy V Tweaks v2.7a.ips, [5665]ff5_dbl_xp_gold_abp.zip::FFV Clean v195.ips
  0x00D8C5: expected 04, found 06 (still-clean)  explains: Final Fantasy V Tweaks v2.7a.ips, [5665]ff5_dbl_xp_gold_abp.zip::FFV Clean v195.ips
  0x00D8C7: expected 04, found 06 (still-clean)  explains: Final Fantasy V Tweaks v2.7a.ips, [5665]ff5_dbl_xp_gold_abp.zip::FFV Clean v195.ips
  0x00D8E1: expected 4A, found 1F (still-clean)  explains: [5665]ff5_dbl_xp_gold_abp.zip::FFV Clean v195.ips
  0x00D8E3: expected 79, found 18 (still-clean)  explains: [5665]ff5_dbl_xp_gold_abp.zip::FFV Clean v195.ips
  0x00D8E5: expected 40, found 18 (still-clean)  explains: [5665]ff5_dbl_xp_gold_abp.zip::FFV Clean v195.ips
  0x00D8E7: expected 3B, found 0F (still-clean)  explains: [5665]ff5_dbl_xp_gold_abp.zip::FFV Clean v195.ips
  0x00D901: expected 00, found 8E (still-clean)  explains: [5665]ff5_dbl_xp_gold_abp.zip::FFV Clean v195.ips
  0x00D903: expected 80, found 07 (still-clean)  explains: [5665]ff5_dbl_xp_gold_abp.zip::FFV Clean v195.ips
  0x00D905: expected 40, found 93 (still-clean)  explains: [5665]ff5_dbl_xp_gold_abp.zip::FFV Clean v195.ips
  0x00D907: expected 80, found 0E (still-clean)  explains: [5665]ff5_dbl_xp_gold_abp.zip::FFV Clean v195.ips
  0x00D921: expected 15, found 13 (still-clean)  explains: Final Fantasy V (J) [T+Spa1.06f_noisecross][CRC32_4BADF779].ips, [5665]ff5_dbl_xp_gold_abp.zip::FFV Clean v195.ips
  0x00D923: expected 13, found 11 (still-clean)  explains: Final Fantasy V (J) [T+Spa1.06f_noisecross][CRC32_4BADF779].ips, [5665]ff5_dbl_xp_gold_abp.zip::FFV Clean v195.ips
  0x00D925: expected 13, found 10 (still-clean)  explains: Final Fantasy V (J) [T+Spa1.06f_noisecross][CRC32_4BADF779].ips, [5665]ff5_dbl_xp_gold_abp.zip::FFV Clean v195.ips
  0x00D927: expected 11, found 10 (still-clean)  explains: Final Fantasy V Tweaks v2.7a.ips, Final Fantasy V (J) [T+Spa1.06f_noisecross][CRC32_4BADF779].ips, [5665]ff5_dbl_xp_gold_abp.zip::FFV Clean v195.ips
  0x00D941: expected 48, found CC (still-clean)  explains: Final Fantasy V (J) [T+Spa1.06f_noisecross][CRC32_4BADF779].ips, [5665]ff5_dbl_xp_gold_abp.zip::FFV Clean v195.ips
  0x00D943: expected 48, found CC (still-clean)  explains: Final Fantasy V (J) [T+Spa1.06f_noisecross][CRC32_4BADF779].ips, [5665]ff5_dbl_xp_gold_abp.zip::FFV Clean v195.ips
  0x00D945: expected 48, found CC (still-clean)  explains: Final Fantasy V (J) [T+Spa1.06f_noisecross][CRC32_4BADF779].ips, [5665]ff5_dbl_xp_gold_abp.zip::FFV Clean v195.ips
  0x00D947: expected 30, found 47 (still-clean)  explains: Final Fantasy V (J) [T+Spa1.06f_noisecross][CRC32_4BADF779].ips, [5665]ff5_dbl_xp_gold_abp.zip::FFV Clean v195.ips
  0x00D961: expected 00, found C0 (still-clean)  explains: Final Fantasy V (J) [T+Spa1.06f_noisecross][CRC32_4BADF779].ips, [5665]ff5_dbl_xp_gold_abp.zip::FFV Clean v195.ips
  0x00D963: expected 00, found C0 (still-clean)  explains: Final Fantasy V (J) [T+Spa1.06f_noisecross][CRC32_4BADF779].ips, [5665]ff5_dbl_xp_gold_abp.zip::FFV Clean v195.ips
  0x00D965: expected 00, found C0 (still-clean)  explains: Final Fantasy V (J) [T+Spa1.06f_noisecross][CRC32_4BADF779].ips, [5665]ff5_dbl_xp_gold_abp.zip::FFV Clean v195.ips
  0x00D967: expected 00, found 80 (still-clean)  explains: Final Fantasy V (J) [T+Spa1.06f_noisecross][CRC32_4BADF779].ips, [5665]ff5_dbl_xp_gold_abp.zip::FFV Clean v195.ips
  0x00EA6D: expected B9, found 77 (conflict)  explains: [5665]ff5_dbl_xp_gold_abp.zip::FFV Clean v195.ips
  0x00EA6E: expected BA, found 6F (conflict)  explains: [5665]ff5_dbl_xp_gold_abp.zip::FFV Clean v195.ips
  0x00EA6F: expected 7E, found 64 (conflict)  explains: [5665]ff5_dbl_xp_gold_abp.zip::FFV Clean v195.ips
  0x00EA70: expected 8B, found 71 (conflict)  explains: [5665]ff5_dbl_xp_gold_abp.zip::FFV Clean v195.ips
  0x00EA71: expected 7E, found 73 (conflict)  explains: [5665]ff5_dbl_xp_gold_abp.zip::FFV Clean v195.ips
  0x00EA72: expected 7D, found C9 (still-clean)  explains: Final Fantasy V Tweaks v2.7a.ips, [5665]ff5_dbl_xp_gold_abp.zip::FFV Clean v195.ips
  0x00F447: expected FF, found C5 (still-clean)  explains: Final Fantasy V Tweaks v2.7a.ips, [5665]ff5_dbl_xp_gold_abp.zip::FFV Clean v195.ips
  0x00F448: expected FF, found 9E (still-clean)  explains: Final Fantasy V Tweaks v2.7a.ips, [5665]ff5_dbl_xp_gold_abp.zip::FFV Clean v195.ips
  0x00F449: expected FF, found 9F (still-clean)  explains: Final Fantasy V Tweaks v2.7a.ips, [5665]ff5_dbl_xp_gold_abp.zip::FFV Clean v195.ips
  0x00F44A: expected FF, found A3 (still-clean)  explains: Final Fantasy V Tweaks v2.7a.ips, [5665]ff5_dbl_xp_gold_abp.zip::FFV Clean v195.ips
  0x00F44C: expected FF, found 95 (still-clean)  explains: Final Fantasy V Tweaks v2.7a.ips, [5665]ff5_dbl_xp_gold_abp.zip::FFV Clean v195.ips
  ... 186310 more mismatched bytes omitted

=== backups, other ppls patches\[6789]Final+Fantasy+V+Tweaks+v2.7b\Final Fantasy V Dress Code.ips [PARTIAL, 29.1% of 158661 informative bytes, delta 0] ===
  0x001D7D: expected 70, found A0 (conflict)
  0x001D7E: expected F0, found F1 (conflict)
  0x001D81: expected 81, found A0 (conflict)
  0x001D82: expected F0, found F1 (conflict)
  0x00FFDC: expected BE, found BF (conflict)  explains: FFV - Weapon 1.7 Equip for Thief, Ninja.ips, FFV Clean - Serity's Equip Icons upgrade.ips
  0x00FFDD: expected B4, found 3E (conflict)  explains: FFV - Weapon 1.7 Equip for Thief, Ninja.ips, FFV Clean - Serity's Equip Icons upgrade.ips
  0x00FFDE: expected 41, found 40 (conflict)  explains: FFV - Weapon 1.7 Equip for Thief, Ninja.ips, FFV Clean - Serity's Equip Icons upgrade.ips
  0x00FFDF: expected 4B, found C1 (conflict)  explains: FFV - Weapon 1.7 Equip for Thief, Ninja.ips
  0x390003: expected 07, found 04 (conflict)
  0x390005: expected 1F, found 12 (conflict)
  0x390007: expected 1B, found 12 (conflict)
  0x390009: expected 19, found 01 (conflict)
  0x39000A: expected 1F, found 1D (conflict)
  0x39000B: expected 08, found 00 (still-clean)  explains: Final Fantasy V (Japan) [En by RPGe v1.1] - Whirlwind - v3.11 by clymax.ips
  0x39000C: expected 3F, found 3E (conflict)
  0x39000D: expected 01, found 00 (still-clean)  explains: Final Fantasy V (Japan) [En by RPGe v1.1] - Whirlwind - v3.11 by clymax.ips
  0x39000E: expected 6A, found 7A (conflict)
  0x39000F: expected 11, found 36 (conflict)
  0x390012: expected 07, found 03 (conflict)
  0x390014: expected 1F, found 0D (conflict)
  0x390016: expected 1B, found 09 (conflict)
  0x390018: expected 19, found 08 (conflict)
  0x39001A: expected 0A, found 02 (conflict)
  0x39001B: expected 02, found 0A (conflict)
  0x39001E: expected 24, found 11 (conflict)
  0x39001F: expected 10, found 20 (conflict)
  0x390023: expected E0, found 20 (conflict)
  0x390024: expected F4, found FC (conflict)
  0x390025: expected F8, found 00 (still-clean)  explains: Final Fantasy V (Japan) [En by RPGe v1.1] - Whirlwind - v3.11 by clymax.ips
  0x390027: expected A0, found 10 (conflict)
  0x390028: expected FA, found FE (conflict)
  0x390029: expected 8C, found 30 (conflict)
  0x39002A: expected 7C, found 6C (conflict)
  0x39002B: expected C8, found 80 (conflict)
  0x39002D: expected 10, found 00 (still-clean)  explains: Final Fantasy V (Japan) [En by RPGe v1.1] - Whirlwind - v3.11 by clymax.ips
  0x39002E: expected 56, found 5E (conflict)
  0x39002F: expected 88, found 6C (conflict)
  0x390032: expected E0, found C0 (conflict)
  0x390034: expected F8, found C8 (conflict)
  0x390036: expected B0, found 90 (conflict)
  0x390037: expected 10, found 30 (conflict)
  0x390038: expected BC, found B4 (conflict)
  0x390039: expected 30, found 38 (conflict)
  0x39003A: expected D8, found 50 (conflict)
  0x39003B: expected 10, found 98 (conflict)
  0x39003C: expected 10, found 00 (still-clean)  explains: Final Fantasy V (Japan) [En by RPGe v1.1] - Whirlwind - v3.11 by clymax.ips
  0x39003E: expected 24, found 88 (conflict)
  0x39003F: expected 08, found 04 (conflict)
  0x390040: expected 34, found 3C (conflict)
  0x390041: expected 0B, found 18 (conflict)
  0x390042: expected 7F, found 7B (conflict)
  0x390044: expected 5C, found 4B (conflict)
  0x390045: expected 37, found 07 (conflict)
  0x390046: expected 7F, found 5F (conflict)
  0x390047: expected 20, found 03 (conflict)
  0x390048: expected 28, found 2F (conflict)
  0x39004A: expected 0F, found 08 (conflict)
  0x39004B: expected 07, found 00 (still-clean)  explains: Final Fantasy V (Japan) [En by RPGe v1.1] - Whirlwind - v3.11 by clymax.ips
  0x39004C: expected 0A, found 0F (conflict)
  0x39004D: expected 05, found 07 (conflict)
  0x39004E: expected 04, found 07 (conflict)
  0x390050: expected 10, found 0B (conflict)
  0x390051: expected 08, found 10 (conflict)
  0x390052: expected 20, found 24 (conflict)
  ... 112503 more mismatched bytes omitted

=== backups, other ppls patches\[6789]Final+Fantasy+V+Tweaks+v2.7b\Final Fantasy V Tweaks v2.7a.ips [PARTIAL, 6.5% of 184677 informative bytes, delta 0] ===
  0x001252: expected 1C, found 27 (conflict)  explains: PS1_Dash.ips, ff5_dash_ps.ips, [5665]ff5_dbl_xp_gold_abp.zip::FFV Clean v195.ips
  0x001253: expected A4, found 06 (conflict)  explains: PS1_Dash.ips, ff5_dash_ps.ips, [5665]ff5_dbl_xp_gold_abp.zip::FFV Clean v195.ips
  0x001254: expected 06, found C0 (conflict)  explains: PS1_Dash.ips, ff5_dash_ps.ips, [5665]ff5_dbl_xp_gold_abp.zip::FFV Clean v195.ips
  0x001255: expected B9, found E0 (conflict)  explains: PS1_Dash.ips, ff5_dash_ps.ips, [5665]ff5_dbl_xp_gold_abp.zip::FFV Clean v195.ips
  0x001256: expected 00, found 02 (conflict)  explains: PS1_Dash.ips, ff5_dash_ps.ips, [5665]ff5_dbl_xp_gold_abp.zip::FFV Clean v195.ips
  0x001257: expected 05, found 00 (conflict)  explains: PS1_Dash.ips, ff5_dash_ps.ips, [5665]ff5_dbl_xp_gold_abp.zip::FFV Clean v195.ips
  0x001258: expected 29, found B0 (conflict)  explains: PS1_Dash.ips, ff5_dash_ps.ips, [5665]ff5_dbl_xp_gold_abp.zip::FFV Clean v195.ips
  0x001259: expected 40, found 20 (conflict)  explains: PS1_Dash.ips, ff5_dash_ps.ips, [5665]ff5_dbl_xp_gold_abp.zip::FFV Clean v195.ips
  0x00125A: expected D0, found A4 (conflict)  explains: PS1_Dash.ips, ff5_dash_ps.ips, [5665]ff5_dbl_xp_gold_abp.zip::FFV Clean v195.ips
  0x00125B: expected 07, found 06 (conflict)  explains: PS1_Dash.ips, ff5_dash_ps.ips, [5665]ff5_dbl_xp_gold_abp.zip::FFV Clean v195.ips
  0x00125D: expected 20, found 00 (conflict)  explains: PS1_Dash.ips, ff5_dash_ps.ips, [5665]ff5_dbl_xp_gold_abp.zip::FFV Clean v195.ips
  0x001260: expected 08, found 40 (conflict)  explains: PS1_Dash.ips, ff5_dash_ps.ips, [5665]ff5_dbl_xp_gold_abp.zip::FFV Clean v195.ips
  0x001262: expected 0A, found 07 (conflict)  explains: PS1_Dash.ips, ff5_dash_ps.ips, [5665]ff5_dbl_xp_gold_abp.zip::FFV Clean v195.ips
  0x001263: expected 20, found B9 (conflict)  explains: PS1_Dash.ips, ff5_dash_ps.ips, [5665]ff5_dbl_xp_gold_abp.zip::FFV Clean v195.ips
  0x001264: expected 9D, found 20 (conflict)  explains: PS1_Dash.ips, ff5_dash_ps.ips, [5665]ff5_dbl_xp_gold_abp.zip::FFV Clean v195.ips
  0x001265: expected C1, found 05 (conflict)  explains: PS1_Dash.ips, ff5_dash_ps.ips, [5665]ff5_dbl_xp_gold_abp.zip::FFV Clean v195.ips
  0x001266: expected C0, found 29 (conflict)  explains: PS1_Dash.ips, ff5_dash_ps.ips, [5665]ff5_dbl_xp_gold_abp.zip::FFV Clean v195.ips
  0x001267: expected 40, found 08 (conflict)  explains: PS1_Dash.ips, ff5_dash_ps.ips, [5665]ff5_dbl_xp_gold_abp.zip::FFV Clean v195.ips
  0x001268: expected 01, found D0 (conflict)  explains: PS1_Dash.ips, ff5_dash_ps.ips, [5665]ff5_dbl_xp_gold_abp.zip::FFV Clean v195.ips
  0x001269: expected D0, found 0E (conflict)  explains: PS1_Dash.ips, ff5_dash_ps.ips, [5665]ff5_dbl_xp_gold_abp.zip::FFV Clean v195.ips
  0x00126A: expected EA, found 20 (conflict)  explains: PS1_Dash.ips, ff5_dash_ps.ips, [5665]ff5_dbl_xp_gold_abp.zip::FFV Clean v195.ips
  0x00126B: expected 80, found 9D (conflict)  explains: PS1_Dash.ips, ff5_dash_ps.ips, [5665]ff5_dbl_xp_gold_abp.zip::FFV Clean v195.ips
  0x00126C: expected 02, found C1 (conflict)  explains: PS1_Dash.ips, ff5_dash_ps.ips, [5665]ff5_dbl_xp_gold_abp.zip::FFV Clean v195.ips
  0x00126D: expected 06, found C0 (conflict)  explains: PS1_Dash.ips, ff5_dash_ps.ips, [5665]ff5_dbl_xp_gold_abp.zip::FFV Clean v195.ips
  0x00126E: expected C0, found 40 (conflict)  explains: PS1_Dash.ips, ff5_dash_ps.ips, [5665]ff5_dbl_xp_gold_abp.zip::FFV Clean v195.ips
  0x00126F: expected E0, found 01 (conflict)  explains: PS1_Dash.ips, ff5_dash_ps.ips, [5665]ff5_dbl_xp_gold_abp.zip::FFV Clean v195.ips
  0x001270: expected 02, found D0 (conflict)  explains: PS1_Dash.ips, ff5_dash_ps.ips, [5665]ff5_dbl_xp_gold_abp.zip::FFV Clean v195.ips
  0x001271: expected 00, found EA (conflict)  explains: PS1_Dash.ips, ff5_dash_ps.ips, [5665]ff5_dbl_xp_gold_abp.zip::FFV Clean v195.ips
  0x001272: expected B0, found 80 (conflict)  explains: PS1_Dash.ips, ff5_dash_ps.ips, [5665]ff5_dbl_xp_gold_abp.zip::FFV Clean v195.ips
  0x001274: expected A5, found EA (conflict)  explains: PS1_Dash.ips, ff5_dash_ps.ips, [5665]ff5_dbl_xp_gold_abp.zip::FFV Clean v195.ips
  0x001275: expected 57, found EA (conflict)  explains: PS1_Dash.ips, ff5_dash_ps.ips, [5665]ff5_dbl_xp_gold_abp.zip::FFV Clean v195.ips
  0x001276: expected D0, found EA (conflict)  explains: PS1_Dash.ips, ff5_dash_ps.ips, [5665]ff5_dbl_xp_gold_abp.zip::FFV Clean v195.ips
  0x00BEE3: expected 82, found 94 (conflict)  explains: Final Fantasy V - GBA Script Port.ips, [5665]ff5_dbl_xp_gold_abp.zip::FFV Clean v195.ips, Final Fantasy V-Pixel Freemaster (v4.85 by Nintenja and Various authors).7z::Final Fantasy V-Pixel Freemaster (All Jobs Unlocked not included & No 2x abp,gil,xp).ips
  0x00BEE4: expected 85, found 7E (conflict)  explains: Final Fantasy V - GBA Script Port.ips, Final Fantasy V (J) [T+Spa1.06f_noisecross][CRC32_4BADF779].ips, [5665]ff5_dbl_xp_gold_abp.zip::FFV Clean v195.ips
  0x00BEE5: expected 7E, found FF (still-clean)
  0x00D587: expected 00, found 3C (still-clean)  explains: Final Fantasy V - GBA Script Port.ips, [5665]ff5_dbl_xp_gold_abp.zip::FFV Clean v195.ips, Final Fantasy V-Pixel Freemaster (v4.85 by Nintenja and Various authors).7z::Final Fantasy V-Pixel Freemaster (All Jobs Unlocked not included & No 2x abp,gil,xp).ips
  0x00D589: expected 3C, found 66 (still-clean)  explains: Final Fantasy V - GBA Script Port.ips, [5665]ff5_dbl_xp_gold_abp.zip::FFV Clean v195.ips, Final Fantasy V-Pixel Freemaster (v4.85 by Nintenja and Various authors).7z::Final Fantasy V-Pixel Freemaster (All Jobs Unlocked not included & No 2x abp,gil,xp).ips
  0x00D58D: expected 66, found 6E (still-clean)  explains: Final Fantasy V - GBA Script Port.ips, [5665]ff5_dbl_xp_gold_abp.zip::FFV Clean v195.ips, Final Fantasy V-Pixel Freemaster (v4.85 by Nintenja and Various authors).7z::Final Fantasy V-Pixel Freemaster (All Jobs Unlocked not included & No 2x abp,gil,xp).ips
  0x00D58F: expected 66, found 76 (still-clean)  explains: Final Fantasy V - GBA Script Port.ips, [5665]ff5_dbl_xp_gold_abp.zip::FFV Clean v195.ips, Final Fantasy V-Pixel Freemaster (v4.85 by Nintenja and Various authors).7z::Final Fantasy V-Pixel Freemaster (All Jobs Unlocked not included & No 2x abp,gil,xp).ips
  0x00D5A7: expected 00, found 18 (still-clean)  explains: Final Fantasy V - GBA Script Port.ips, [5665]ff5_dbl_xp_gold_abp.zip::FFV Clean v195.ips, Final Fantasy V-Pixel Freemaster (v4.85 by Nintenja and Various authors).7z::Final Fantasy V-Pixel Freemaster (All Jobs Unlocked not included & No 2x abp,gil,xp).ips
  0x00D5A9: expected 18, found 38 (still-clean)  explains: Final Fantasy V - GBA Script Port.ips, [5665]ff5_dbl_xp_gold_abp.zip::FFV Clean v195.ips, Final Fantasy V-Pixel Freemaster (v4.85 by Nintenja and Various authors).7z::Final Fantasy V-Pixel Freemaster (All Jobs Unlocked not included & No 2x abp,gil,xp).ips
  0x00D5AB: expected 38, found 78 (still-clean)  explains: Final Fantasy V - GBA Script Port.ips, [5665]ff5_dbl_xp_gold_abp.zip::FFV Clean v195.ips, Final Fantasy V-Pixel Freemaster (v4.85 by Nintenja and Various authors).7z::Final Fantasy V-Pixel Freemaster (All Jobs Unlocked not included & No 2x abp,gil,xp).ips
  0x00D5C7: expected 00, found 3C (still-clean)  explains: Final Fantasy V - GBA Script Port.ips, [5665]ff5_dbl_xp_gold_abp.zip::FFV Clean v195.ips, Final Fantasy V-Pixel Freemaster (v4.85 by Nintenja and Various authors).7z::Final Fantasy V-Pixel Freemaster (All Jobs Unlocked not included & No 2x abp,gil,xp).ips
  0x00D5C9: expected 3C, found 46 (still-clean)  explains: Final Fantasy V - GBA Script Port.ips, [5665]ff5_dbl_xp_gold_abp.zip::FFV Clean v195.ips, Final Fantasy V-Pixel Freemaster (v4.85 by Nintenja and Various authors).7z::Final Fantasy V-Pixel Freemaster (All Jobs Unlocked not included & No 2x abp,gil,xp).ips
  0x00D5CB: expected 46, found 06 (still-clean)  explains: Final Fantasy V - GBA Script Port.ips, Final Fantasy V (J) [T+Spa1.06f_noisecross][CRC32_4BADF779].ips, [5665]ff5_dbl_xp_gold_abp.zip::FFV Clean v195.ips
  0x00D5CF: expected 06, found 0C (still-clean)  explains: Final Fantasy V - GBA Script Port.ips, [5665]ff5_dbl_xp_gold_abp.zip::FFV Clean v195.ips, Final Fantasy V-Pixel Freemaster (v4.85 by Nintenja and Various authors).7z::Final Fantasy V-Pixel Freemaster (All Jobs Unlocked not included & No 2x abp,gil,xp).ips
  0x00D5E7: expected 00, found 7E (still-clean)  explains: Final Fantasy V - GBA Script Port.ips, [5665]ff5_dbl_xp_gold_abp.zip::FFV Clean v195.ips, Final Fantasy V-Pixel Freemaster (v4.85 by Nintenja and Various authors).7z::Final Fantasy V-Pixel Freemaster (All Jobs Unlocked not included & No 2x abp,gil,xp).ips
  0x00D5E9: expected 7E, found 0C (still-clean)  explains: Final Fantasy V - GBA Script Port.ips, Final Fantasy V (J) [T+Spa1.06f_noisecross][CRC32_4BADF779].ips, [5665]ff5_dbl_xp_gold_abp.zip::FFV Clean v195.ips
  0x00D5EB: expected 0C, found 18 (still-clean)  explains: Final Fantasy V - GBA Script Port.ips, Final Fantasy V (J) [T+Spa1.06f_noisecross][CRC32_4BADF779].ips, [5665]ff5_dbl_xp_gold_abp.zip::FFV Clean v195.ips
  0x00D5ED: expected 18, found 3C (still-clean)  explains: Final Fantasy V - GBA Script Port.ips, [5665]ff5_dbl_xp_gold_abp.zip::FFV Clean v195.ips, Final Fantasy V-Pixel Freemaster (v4.85 by Nintenja and Various authors).7z::Final Fantasy V-Pixel Freemaster (All Jobs Unlocked not included & No 2x abp,gil,xp).ips
  0x00D5EF: expected 3C, found 06 (still-clean)  explains: Final Fantasy V - GBA Script Port.ips, [5665]ff5_dbl_xp_gold_abp.zip::FFV Clean v195.ips, Final Fantasy V-Pixel Freemaster (v4.85 by Nintenja and Various authors).7z::Final Fantasy V-Pixel Freemaster (All Jobs Unlocked not included & No 2x abp,gil,xp).ips
  0x00D607: expected 00, found 0C (still-clean)  explains: Final Fantasy V - GBA Script Port.ips, [5665]ff5_dbl_xp_gold_abp.zip::FFV Clean v195.ips, Final Fantasy V-Pixel Freemaster (v4.85 by Nintenja and Various authors).7z::Final Fantasy V-Pixel Freemaster (All Jobs Unlocked not included & No 2x abp,gil,xp).ips
  0x00D609: expected 06, found 1C (still-clean)  explains: Final Fantasy V - GBA Script Port.ips, Final Fantasy V (J) [T+Spa1.06f_noisecross][CRC32_4BADF779].ips, [5665]ff5_dbl_xp_gold_abp.zip::FFV Clean v195.ips
  0x00D60B: expected 0E, found 3C (still-clean)  explains: Final Fantasy V - GBA Script Port.ips, [5665]ff5_dbl_xp_gold_abp.zip::FFV Clean v195.ips, Final Fantasy V-Pixel Freemaster (v4.85 by Nintenja and Various authors).7z::Final Fantasy V-Pixel Freemaster (All Jobs Unlocked not included & No 2x abp,gil,xp).ips
  0x00D60D: expected 16, found 6C (still-clean)  explains: Final Fantasy V - GBA Script Port.ips, [5665]ff5_dbl_xp_gold_abp.zip::FFV Clean v195.ips, Final Fantasy V-Pixel Freemaster (v4.85 by Nintenja and Various authors).7z::Final Fantasy V-Pixel Freemaster (All Jobs Unlocked not included & No 2x abp,gil,xp).ips
  0x00D60F: expected 26, found 4C (still-clean)  explains: Final Fantasy V - GBA Script Port.ips, [5665]ff5_dbl_xp_gold_abp.zip::FFV Clean v195.ips, Final Fantasy V-Pixel Freemaster (v4.85 by Nintenja and Various authors).7z::Final Fantasy V-Pixel Freemaster (All Jobs Unlocked not included & No 2x abp,gil,xp).ips
  0x00D627: expected 00, found 7E (still-clean)  explains: Final Fantasy V - GBA Script Port.ips, [5665]ff5_dbl_xp_gold_abp.zip::FFV Clean v195.ips, Final Fantasy V-Pixel Freemaster (v4.85 by Nintenja and Various authors).7z::Final Fantasy V-Pixel Freemaster (All Jobs Unlocked not included & No 2x abp,gil,xp).ips
  0x00D629: expected 7E, found 60 (still-clean)  explains: Final Fantasy V - GBA Script Port.ips, [5665]ff5_dbl_xp_gold_abp.zip::FFV Clean v195.ips, Final Fantasy V-Pixel Freemaster (v4.85 by Nintenja and Various authors).7z::Final Fantasy V-Pixel Freemaster (All Jobs Unlocked not included & No 2x abp,gil,xp).ips
  0x00D62D: expected 60, found 7C (still-clean)  explains: Final Fantasy V - GBA Script Port.ips, [5665]ff5_dbl_xp_gold_abp.zip::FFV Clean v195.ips, Final Fantasy V-Pixel Freemaster (v4.85 by Nintenja and Various authors).7z::Final Fantasy V-Pixel Freemaster (All Jobs Unlocked not included & No 2x abp,gil,xp).ips
  0x00D62F: expected 7C, found 06 (still-clean)  explains: Final Fantasy V - GBA Script Port.ips, [5665]ff5_dbl_xp_gold_abp.zip::FFV Clean v195.ips, Final Fantasy V-Pixel Freemaster (v4.85 by Nintenja and Various authors).7z::Final Fantasy V-Pixel Freemaster (All Jobs Unlocked not included & No 2x abp,gil,xp).ips
  0x00D647: expected 00, found 1C (still-clean)  explains: Final Fantasy V - GBA Script Port.ips, [5665]ff5_dbl_xp_gold_abp.zip::FFV Clean v195.ips, Final Fantasy V-Pixel Freemaster (v4.85 by Nintenja and Various authors).7z::Final Fantasy V-Pixel Freemaster (All Jobs Unlocked not included & No 2x abp,gil,xp).ips
  0x00D649: expected 1C, found 30 (still-clean)  explains: Final Fantasy V - GBA Script Port.ips, [5665]ff5_dbl_xp_gold_abp.zip::FFV Clean v195.ips, Final Fantasy V-Pixel Freemaster (v4.85 by Nintenja and Various authors).7z::Final Fantasy V-Pixel Freemaster (All Jobs Unlocked not included & No 2x abp,gil,xp).ips
  0x00D64B: expected 30, found 60 (still-clean)  explains: Final Fantasy V - GBA Script Port.ips, [5665]ff5_dbl_xp_gold_abp.zip::FFV Clean v195.ips, Final Fantasy V-Pixel Freemaster (v4.85 by Nintenja and Various authors).7z::Final Fantasy V-Pixel Freemaster (All Jobs Unlocked not included & No 2x abp,gil,xp).ips
  0x00D64D: expected 60, found 7C (still-clean)  explains: Final Fantasy V - GBA Script Port.ips, [5665]ff5_dbl_xp_gold_abp.zip::FFV Clean v195.ips, Final Fantasy V-Pixel Freemaster (v4.85 by Nintenja and Various authors).7z::Final Fantasy V-Pixel Freemaster (All Jobs Unlocked not included & No 2x abp,gil,xp).ips
  ... 172604 more mismatched bytes omitted

=== backups, other ppls patches\[6789]Final+Fantasy+V+Tweaks+v2.7b\Optional Patches\GBA Font.ips [PARTIAL, 9.2% of 2169 informative bytes, delta 0] ===
  0x11F200: expected FB, found FF (still-clean)
  0x11F201: expected 0C, found 18 (conflict)
  0x11F203: expected 1C, found 3C (conflict)
  0x11F204: expected EB, found FF (conflict)  explains: Final Fantasy V Tweaks v2.7a.ips, PS1 Font.ips, FF5Clean Castlevania3 Font (xJ4cks & sleepyren).ips
  0x11F205: expected 3C, found 66 (conflict)
  0x11F206: expected EB, found FF (conflict)  explains: Final Fantasy V Tweaks v2.7a.ips, PS1 Font.ips, FF5Clean Castlevania3 Font (xJ4cks & sleepyren).ips
  0x11F207: expected 3C, found 66 (conflict)
  0x11F208: expected FB, found FF (conflict)  explains: Final Fantasy V Tweaks v2.7a.ips, PS1 Font.ips, FF5Clean Castlevania3 Font (xJ4cks & sleepyren).ips
  0x11F209: expected 7C, found 7E (conflict)
  0x11F20A: expected CB, found FF (conflict)  explains: Final Fantasy V Tweaks v2.7a.ips, PS1 Font.ips, FF5Clean Castlevania3 Font (xJ4cks & sleepyren).ips
  0x11F20B: expected 7C, found 66 (conflict)
  0x11F20C: expected DB, found FF (conflict)  explains: Final Fantasy V Tweaks v2.7a.ips, PS1 Font.ips, FF5Clean Castlevania3 Font (xJ4cks & sleepyren).ips
  0x11F20D: expected 6C, found 66 (conflict)  explains: FF5Clean Castlevania3 Font (xJ4cks & sleepyren).ips
  0x11F20E: expected 93, found FF (conflict)  explains: Final Fantasy V Tweaks v2.7a.ips, PS1 Font.ips, FF5Clean Castlevania3 Font (xJ4cks & sleepyren).ips
  0x11F20F: expected 6C, found 00 (conflict)  explains: Final Fantasy V Tweaks v2.7a.ips, PS1 Font.ips, Final Fantasy V (J) [T+Spa1.06f_noisecross][CRC32_4BADF779].ips
  0x11F210: expected FB, found FF (still-clean)  explains: Final Fantasy V - GBA Script Port.ips, Final Fantasy V Tweaks v2.7a.ips, PS1 Font.ips
  0x11F211: expected 3C, found FC (conflict)  explains: PS1 Font.ips, Final Fantasy V (J) [T+Spa1.06f_noisecross][CRC32_4BADF779].ips
  0x11F212: expected E5, found FF (conflict)  explains: Final Fantasy V Tweaks v2.7a.ips, PS1 Font.ips, FF5Clean Castlevania3 Font (xJ4cks & sleepyren).ips
  0x11F213: expected 3E, found 66 (conflict)  explains: FF5Clean Castlevania3 Font (xJ4cks & sleepyren).ips
  0x11F214: expected FB, found FF (conflict)  explains: Final Fantasy V Tweaks v2.7a.ips, PS1 Font.ips, FF5Clean Castlevania3 Font (xJ4cks & sleepyren).ips
  0x11F215: expected 3C, found 66 (conflict)  explains: FF5Clean Castlevania3 Font (xJ4cks & sleepyren).ips
  0x11F216: expected E5, found FF (conflict)  explains: Final Fantasy V Tweaks v2.7a.ips, PS1 Font.ips, ff5_font_punctuation --- try this asap.ips
  0x11F217: expected 3E, found 7C (conflict)
  0x11F218: expected ED, found FF (conflict)  explains: Final Fantasy V Tweaks v2.7a.ips, PS1 Font.ips, ff5_font_punctuation --- try this asap.ips
  0x11F219: expected 36, found 66 (conflict)
  0x11F21A: expected ED, found FF (conflict)  explains: Final Fantasy V Tweaks v2.7a.ips, PS1 Font.ips, ff5_font_punctuation --- try this asap.ips
  0x11F21B: expected 36, found 66 (conflict)  explains: FF5Clean Castlevania3 Font (xJ4cks & sleepyren).ips
  0x11F21C: expected FB, found FF (conflict)  explains: Final Fantasy V Tweaks v2.7a.ips, PS1 Font.ips, ff5_font_punctuation --- try this asap.ips
  0x11F21D: expected 3C, found FC (conflict)  explains: PS1 Font.ips, Final Fantasy V (J) [T+Spa1.06f_noisecross][CRC32_4BADF779].ips
  0x11F21E: expected C7, found FF (conflict)  explains: Final Fantasy V Tweaks v2.7a.ips, PS1 Font.ips, ff5_font_punctuation --- try this asap.ips
  0x11F21F: expected 38, found 00 (conflict)  explains: Final Fantasy V Tweaks v2.7a.ips, PS1 Font.ips, Final Fantasy V (J) [T+Spa1.06f_noisecross][CRC32_4BADF779].ips
  0x11F220: expected FB, found FF (still-clean)  explains: Final Fantasy V - GBA Script Port.ips, Final Fantasy V Tweaks v2.7a.ips, PS1 Font.ips
  0x11F221: expected 0C, found 3C (conflict)  explains: Final Fantasy V (J) [T+Spa1.06f_noisecross][CRC32_4BADF779].ips
  0x11F222: expected F5, found FF (conflict)  explains: Final Fantasy V Tweaks v2.7a.ips, PS1 Font.ips, ff5_font_punctuation --- try this asap.ips
  0x11F223: expected 1E, found 66 (conflict)  explains: Final Fantasy V (J) [T+Spa1.06f_noisecross][CRC32_4BADF779].ips
  0x11F224: expected ED, found FF (conflict)  explains: Final Fantasy V Tweaks v2.7a.ips, PS1 Font.ips, ff5_font_punctuation --- try this asap.ips
  0x11F225: expected 36, found C0 (conflict)  explains: PS1 Font.ips, Final Fantasy V (J) [T+Spa1.06f_noisecross][CRC32_4BADF779].ips
  0x11F226: expected EB, found FF (conflict)  explains: Final Fantasy V Tweaks v2.7a.ips, PS1 Font.ips, ff5_font_punctuation --- try this asap.ips
  0x11F227: expected 34, found C0 (still-clean)  explains: Final Fantasy V - GBA Script Port.ips, PS1 Font.ips, Final Fantasy V (J) [T+Spa1.06f_noisecross][CRC32_4BADF779].ips
  0x11F228: expected EF, found FF (conflict)  explains: Final Fantasy V Tweaks v2.7a.ips, PS1 Font.ips, ff5_font_punctuation --- try this asap.ips
  0x11F229: expected 30, found C0 (still-clean)  explains: Final Fantasy V - GBA Script Port.ips, PS1 Font.ips, Final Fantasy V (J) [T+Spa1.06f_noisecross][CRC32_4BADF779].ips
  0x11F22A: expected ED, found FF (conflict)  explains: Final Fantasy V Tweaks v2.7a.ips, PS1 Font.ips, ff5_font_punctuation --- try this asap.ips
  0x11F22B: expected 36, found 66 (conflict)  explains: Final Fantasy V (J) [T+Spa1.06f_noisecross][CRC32_4BADF779].ips
  0x11F22C: expected DB, found FF (conflict)  explains: Final Fantasy V Tweaks v2.7a.ips, PS1 Font.ips, ff5_font_punctuation --- try this asap.ips
  0x11F22E: expected E7, found FF (conflict)  explains: Final Fantasy V Tweaks v2.7a.ips, PS1 Font.ips, ff5_font_punctuation --- try this asap.ips
  0x11F22F: expected 18, found 00 (conflict)  explains: Final Fantasy V Tweaks v2.7a.ips, PS1 Font.ips, Final Fantasy V (J) [T+Spa1.06f_noisecross][CRC32_4BADF779].ips
  0x11F230: expected F7, found FF (still-clean)  explains: Final Fantasy V - GBA Script Port.ips, Final Fantasy V Tweaks v2.7a.ips, PS1 Font.ips
  0x11F231: expected 38, found F8 (conflict)
  0x11F232: expected EB, found FF (conflict)  explains: Final Fantasy V Tweaks v2.7a.ips, PS1 Font.ips, ff5_font_punctuation --- try this asap.ips
  0x11F233: expected 3C, found 6C (conflict)
  0x11F234: expected E5, found FF (conflict)  explains: Final Fantasy V Tweaks v2.7a.ips, PS1 Font.ips, ff5_font_punctuation --- try this asap.ips
  0x11F235: expected 3E, found 66 (conflict)
  0x11F236: expected ED, found FF (conflict)  explains: Final Fantasy V Tweaks v2.7a.ips, PS1 Font.ips, ff5_font_punctuation --- try this asap.ips
  0x11F237: expected 36, found 66 (conflict)  explains: FF5Clean Castlevania3 Font (xJ4cks & sleepyren).ips
  0x11F238: expected ED, found FF (conflict)  explains: Final Fantasy V Tweaks v2.7a.ips, PS1 Font.ips, ff5_font_punctuation --- try this asap.ips
  0x11F239: expected 36, found 66 (conflict)  explains: FF5Clean Castlevania3 Font (xJ4cks & sleepyren).ips
  0x11F23A: expected ED, found FF (conflict)  explains: Final Fantasy V Tweaks v2.7a.ips, PS1 Font.ips, ff5_font_punctuation --- try this asap.ips
  0x11F23B: expected 36, found 6C (conflict)
  0x11F23C: expected FB, found FF (conflict)  explains: Final Fantasy V Tweaks v2.7a.ips, PS1 Font.ips, ff5_font_punctuation --- try this asap.ips
  0x11F23D: expected 3C, found F8 (conflict)
  0x11F23E: expected C7, found FF (conflict)  explains: Final Fantasy V Tweaks v2.7a.ips, PS1 Font.ips, ff5_font_punctuation --- try this asap.ips
  0x11F23F: expected 38, found 00 (conflict)  explains: Final Fantasy V Tweaks v2.7a.ips, PS1 Font.ips, Final Fantasy V (J) [T+Spa1.06f_noisecross][CRC32_4BADF779].ips
  0x11F240: expected FD, found FF (still-clean)  explains: Final Fantasy V - GBA Script Port.ips, Final Fantasy V Tweaks v2.7a.ips, PS1 Font.ips
  0x11F241: expected 3E, found FE (conflict)  explains: PS1 Font.ips, Final Fantasy V (J) [T+Spa1.06f_noisecross][CRC32_4BADF779].ips
  ... 1906 more mismatched bytes omitted

=== backups, other ppls patches\[6789]Final+Fantasy+V+Tweaks+v2.7b\Optional Patches\Inus_patches.ips [APPLIED, 99.8% of 3975 informative bytes, delta 0] ===
  0x00FA95: expected 76, found 41 (conflict)
  0x203118: expected 60, found 64 (still-clean)  explains: Final Fantasy V - GBA Script Port.ips, Final Fantasy V Tweaks v2.7a.ips, [5665]ff5_dbl_xp_gold_abp.zip::FFV Clean v195.ips
  0x203119: expected 8C, found 86 (still-clean)  explains: Final Fantasy V - GBA Script Port.ips, Final Fantasy V Tweaks v2.7a.ips, [5665]ff5_dbl_xp_gold_abp.zip::FFV Clean v195.ips
  0x20311A: expected C5, found 89 (still-clean)  explains: Final Fantasy V - GBA Script Port.ips, Final Fantasy V Tweaks v2.7a.ips, [5665]ff5_dbl_xp_gold_abp.zip::FFV Clean v195.ips
  0x20311B: expected 82, found 8D (still-clean)  explains: Final Fantasy V - GBA Script Port.ips, Final Fantasy V Tweaks v2.7a.ips, [5665]ff5_dbl_xp_gold_abp.zip::FFV Clean v195.ips
  0x20311C: expected 8C, found 92 (still-clean)  explains: Final Fantasy V - GBA Script Port.ips, Final Fantasy V Tweaks v2.7a.ips, [5665]ff5_dbl_xp_gold_abp.zip::FFV Clean v195.ips

=== backups, other ppls patches\[6789]Final+Fantasy+V+Tweaks+v2.7b\Optional Patches\Old Font.ips [PARTIAL, 51.3% of 505 informative bytes, delta 0] ===
  0x11F553: expected 43, found 66 (conflict)
  0x11F555: expected 03, found 06 (conflict)  explains: Cleaner Font for FFV+FF5r.ips, FF5Clean Castlevania3 Font (xJ4cks & sleepyren).ips
  0x11F561: expected 7F, found 3C (conflict)
  0x11F563: expected 06, found 66 (conflict)
  0x11F565: expected 0C, found 06 (conflict)  explains: PS1 Font.ips, Final Fantasy V (J) [T+Spa1.06f_noisecross][CRC32_4BADF779].ips
  0x11F567: expected 1E, found 1C (conflict)
  0x11F569: expected 03, found 06 (conflict)  explains: PS1 Font.ips, Final Fantasy V (J) [T+Spa1.06f_noisecross][CRC32_4BADF779].ips, Cleaner Font for FFV+FF5r.ips
  0x11F56B: expected 43, found 66 (conflict)
  0x11F573: expected 16, found 3C (conflict)  explains: PS1 Font.ips, Final Fantasy V (J) [T+Spa1.06f_noisecross][CRC32_4BADF779].ips
  0x11F575: expected 26, found 6C (conflict)  explains: PS1 Font.ips, Final Fantasy V (J) [T+Spa1.06f_noisecross][CRC32_4BADF779].ips
  0x11F577: expected 46, found CC (conflict)
  0x11F579: expected 46, found FE (conflict)
  0x11F587: expected 03, found 06 (conflict)  explains: Cleaner Font for FFV+FF5r.ips
  0x11F589: expected 03, found 06 (conflict)  explains: PS1 Font.ips, Final Fantasy V (J) [T+Spa1.06f_noisecross][CRC32_4BADF779].ips, Cleaner Font for FFV+FF5r.ips
  0x11F58B: expected 43, found 66 (conflict)
  0x11F58D: expected 3E, found 3C (conflict)
  0x11F591: expected 1E, found 1C (conflict)  explains: FF5Clean Castlevania3 Font (xJ4cks & sleepyren).ips
  0x11F5A3: expected 03, found 66 (conflict)
  0x11F5A5: expected 03, found 06 (conflict)  explains: Final Fantasy V - GBA Script Port.ips, Final Fantasy V Tweaks v2.7a.ips, Cleaner Font for FFV+FF5r.ips
  0x11F5A7: expected 06, found 0C (conflict)  explains: Final Fantasy V - GBA Script Port.ips, Final Fantasy V Tweaks v2.7a.ips, GBA Font.ips
  0x11F5CB: expected 06, found 0C (conflict)  explains: Cleaner Font for FFV+FF5r.ips
  0x11F5CD: expected 3C, found 38 (conflict)  explains: GBA Font.ips
  0x11F5D9: expected 62, found E8 (still-clean)  explains: Final Fantasy V - GBA Script Port.ips, Final Fantasy V-Pixel Freemaster (v4.85 by Nintenja and Various authors).7z::Final Fantasy V-Pixel Freemaster (All Jobs Unlocked not included & No 2x abp,gil,xp).ips, Final Fantasy V-Pixel Freemaster (v4.85 by Nintenja and Various authors).7z::Final Fantasy V-Pixel Freemaster (All Jobs Unlocked not included + 2x abp,gil,xp).ips
  0x11F5DB: expected 76, found D4 (still-clean)  explains: Final Fantasy V - GBA Script Port.ips, Final Fantasy V-Pixel Freemaster (v4.85 by Nintenja and Various authors).7z::Final Fantasy V-Pixel Freemaster (All Jobs Unlocked not included & No 2x abp,gil,xp).ips, Final Fantasy V-Pixel Freemaster (v4.85 by Nintenja and Various authors).7z::Final Fantasy V-Pixel Freemaster (All Jobs Unlocked not included + 2x abp,gil,xp).ips
  0x11F5DD: expected 6A, found D4 (still-clean)  explains: Final Fantasy V - GBA Script Port.ips, Final Fantasy V-Pixel Freemaster (v4.85 by Nintenja and Various authors).7z::Final Fantasy V-Pixel Freemaster (All Jobs Unlocked not included & No 2x abp,gil,xp).ips, Final Fantasy V-Pixel Freemaster (v4.85 by Nintenja and Various authors).7z::Final Fantasy V-Pixel Freemaster (All Jobs Unlocked not included + 2x abp,gil,xp).ips
  0x11F5DF: expected 62, found D4 (still-clean)  explains: Final Fantasy V - GBA Script Port.ips, Final Fantasy V-Pixel Freemaster (v4.85 by Nintenja and Various authors).7z::Final Fantasy V-Pixel Freemaster (All Jobs Unlocked not included & No 2x abp,gil,xp).ips, Final Fantasy V-Pixel Freemaster (v4.85 by Nintenja and Various authors).7z::Final Fantasy V-Pixel Freemaster (All Jobs Unlocked not included + 2x abp,gil,xp).ips
  0x11F5E9: expected 62, found C4 (still-clean)
  0x11F5EB: expected 7E, found FC (still-clean)
  0x11F5ED: expected 62, found C4 (still-clean)
  0x11F5EF: expected 62, found C4 (still-clean)
  0x11F5F9: expected 7C, found F8 (still-clean)
  0x11F5FB: expected 62, found C4 (still-clean)
  0x11F5FD: expected 7C, found F8 (still-clean)
  0x11F5FF: expected 60, found C0 (still-clean)
  0x11F601: expected 3E, found 18 (conflict)  explains: [5665]ff5_dbl_xp_gold_abp.zip::FFV Clean v195.ips
  0x11F603: expected 63, found 3C (conflict)  explains: [5665]ff5_dbl_xp_gold_abp.zip::FFV Clean v195.ips
  0x11F605: expected 63, found 66 (conflict)
  0x11F621: expected 3E, found 3C (conflict)  explains: [5665]ff5_dbl_xp_gold_abp.zip::FFV Clean v195.ips
  0x11F623: expected 61, found 66 (conflict)
  0x11F62B: expected 61, found 66 (conflict)
  0x11F62D: expected 3E, found 3C (conflict)  explains: GBA Font.ips, [5665]ff5_dbl_xp_gold_abp.zip::FFV Clean v195.ips
  0x11F631: expected 7E, found F8 (conflict)
  0x11F633: expected 63, found 6C (conflict)
  0x11F63B: expected 63, found 6C (conflict)
  0x11F63D: expected 7E, found F8 (conflict)
  0x11F663: expected 61, found 66 (conflict)
  0x11F665: expected 60, found C2 (conflict)
  0x11F667: expected 67, found C0 (conflict)
  0x11F681: expected 1E, found 3C (still-clean)  explains: Final Fantasy V - GBA Script Port.ips, Final Fantasy V Tweaks v2.7a.ips, Final Fantasy V (J) [T+Spa1.06f_noisecross][CRC32_4BADF779].ips
  0x11F683: expected 0C, found 18 (conflict)  explains: Final Fantasy V - GBA Script Port.ips, Final Fantasy V Tweaks v2.7a.ips, GBA Font.ips
  0x11F685: expected 0C, found 18 (conflict)  explains: Final Fantasy V - GBA Script Port.ips, Final Fantasy V Tweaks v2.7a.ips, GBA Font.ips
  0x11F687: expected 0C, found 18 (conflict)  explains: Final Fantasy V - GBA Script Port.ips, Final Fantasy V Tweaks v2.7a.ips, GBA Font.ips
  0x11F689: expected 0C, found 18 (conflict)  explains: Final Fantasy V - GBA Script Port.ips, Final Fantasy V Tweaks v2.7a.ips, GBA Font.ips
  0x11F68B: expected 0C, found 18 (conflict)  explains: Final Fantasy V - GBA Script Port.ips, Final Fantasy V Tweaks v2.7a.ips, GBA Font.ips
  0x11F68D: expected 1E, found 3C (conflict)  explains: Final Fantasy V - GBA Script Port.ips, Final Fantasy V Tweaks v2.7a.ips, Final Fantasy V (J) [T+Spa1.06f_noisecross][CRC32_4BADF779].ips
  0x11F691: expected 03, found 1E (conflict)
  0x11F693: expected 03, found 0C (conflict)  explains: GBA Font.ips, PS1 Font.ips
  0x11F695: expected 03, found 0C (conflict)  explains: GBA Font.ips, PS1 Font.ips
  0x11F697: expected 03, found 0C (conflict)  explains: GBA Font.ips, PS1 Font.ips
  0x11F699: expected 63, found CC (conflict)
  0x11F69B: expected 63, found CC (conflict)
  0x11F69D: expected 3E, found 78 (conflict)  explains: PS1 Font.ips
  0x11F6C1: expected 43, found C6 (conflict)  explains: PS1 Font.ips, Cleaner Font for FFV+FF5r.ips
  0x11F6C3: expected 67, found EE (conflict)  explains: PS1 Font.ips, Cleaner Font for FFV+FF5r.ips
  ... 182 more mismatched bytes omitted

=== backups, other ppls patches\[6789]Final+Fantasy+V+Tweaks+v2.7b\Optional Patches\PS1 Font.ips [PARTIAL, 63.6% of 1436 informative bytes, delta 0] ===
  0x11F201: expected 38, found 18 (conflict)
  0x11F203: expected 6C, found 3C (conflict)
  0x11F205: expected 44, found 66 (conflict)
  0x11F207: expected C6, found 66 (conflict)
  0x11F209: expected FE, found 7E (conflict)
  0x11F20B: expected C6, found 66 (conflict)
  0x11F213: expected C2, found 66 (conflict)  explains: FF5Clean Castlevania3 Font (xJ4cks & sleepyren).ips
  0x11F217: expected FC, found 7C (conflict)
  0x11F219: expected C2, found 66 (conflict)
  0x11F221: expected 7C, found 3C (conflict)  explains: Final Fantasy V (J) [T+Spa1.06f_noisecross][CRC32_4BADF779].ips
  0x11F223: expected C2, found 66 (conflict)  explains: Final Fantasy V (J) [T+Spa1.06f_noisecross][CRC32_4BADF779].ips
  0x11F22B: expected C2, found 66 (conflict)  explains: Final Fantasy V (J) [T+Spa1.06f_noisecross][CRC32_4BADF779].ips
  0x11F22D: expected 7C, found 3C (conflict)  explains: GBA Font.ips, Final Fantasy V (J) [T+Spa1.06f_noisecross][CRC32_4BADF779].ips
  0x11F231: expected FC, found F8 (conflict)
  0x11F233: expected C2, found 6C (conflict)
  0x11F23D: expected FC, found F8 (conflict)
  0x11F243: expected C0, found 62 (conflict)  explains: FF5Clean Castlevania3 Font (xJ4cks & sleepyren).ips
  0x11F247: expected FC, found 78 (conflict)  explains: FF5Clean Castlevania3 Font (xJ4cks & sleepyren).ips
  0x11F249: expected C0, found 68 (conflict)
  0x11F253: expected C0, found 62 (conflict)  explains: FF5Clean Castlevania3 Font (xJ4cks & sleepyren).ips
  0x11F257: expected FC, found 78 (conflict)  explains: FF5Clean Castlevania3 Font (xJ4cks & sleepyren).ips
  0x11F259: expected C0, found 68 (conflict)
  0x11F261: expected 7C, found 3C (conflict)
  0x11F263: expected C2, found 66 (conflict)
  0x11F265: expected C0, found C2 (still-clean)  explains: Final Fantasy V - GBA Script Port.ips, [5665]ff5_dbl_xp_gold_abp.zip::FFV Clean v195.ips, Final Fantasy V-Pixel Freemaster (v4.85 by Nintenja and Various authors).7z::Final Fantasy V-Pixel Freemaster (All Jobs Unlocked not included & No 2x abp,gil,xp).ips
  0x11F267: expected DE, found C0 (still-clean)  explains: Final Fantasy V - GBA Script Port.ips, [5665]ff5_dbl_xp_gold_abp.zip::FFV Clean v195.ips, Final Fantasy V-Pixel Freemaster (v4.85 by Nintenja and Various authors).7z::Final Fantasy V-Pixel Freemaster (All Jobs Unlocked not included & No 2x abp,gil,xp).ips
  0x11F269: expected C2, found CE (conflict)
  0x11F26B: expected C6, found 66 (conflict)
  0x11F26D: expected 7C, found 3E (conflict)  explains: Final Fantasy V Tweaks v2.7a.ips
  0x11F271: expected C2, found 66 (conflict)
  0x11F277: expected FE, found 7E (conflict)
  0x11F279: expected C2, found 66 (conflict)  explains: FF5Clean Castlevania3 Font (xJ4cks & sleepyren).ips
  0x11F291: expected 7E, found 1E (conflict)
  0x11F29B: expected 8C, found CC (conflict)  explains: Final Fantasy V (J) [T+Spa1.06f_noisecross][CRC32_4BADF779].ips
  0x11F2A1: expected C2, found E6 (conflict)
  0x11F2A5: expected C4, found 6C (conflict)  explains: Final Fantasy V Tweaks v2.7a.ips
  0x11F2A7: expected F8, found 78 (conflict)  explains: Final Fantasy V Tweaks v2.7a.ips
  0x11F2A9: expected C4, found 6C (conflict)  explains: Final Fantasy V Tweaks v2.7a.ips, FF5Clean Castlevania3 Font (xJ4cks & sleepyren).ips
  0x11F2AB: expected C2, found 66 (conflict)  explains: Final Fantasy V Tweaks v2.7a.ips, FF5Clean Castlevania3 Font (xJ4cks & sleepyren).ips
  0x11F2B1: expected C0, found F8 (conflict)
  0x11F2C7: expected D6, found FE (still-clean)  explains: Final Fantasy V - GBA Script Port.ips, Final Fantasy V (J) [T+Spa1.06f_noisecross][CRC32_4BADF779].ips, [5665]ff5_dbl_xp_gold_abp.zip::FFV Clean v195.ips
  0x11F2C9: expected C6, found D6 (still-clean)  explains: Final Fantasy V - GBA Script Port.ips, Final Fantasy V (J) [T+Spa1.06f_noisecross][CRC32_4BADF779].ips, [5665]ff5_dbl_xp_gold_abp.zip::FFV Clean v195.ips
  0x11F2D1: expected C2, found C6 (conflict)
  0x11F2D3: expected E2, found E6 (conflict)
  0x11F2D5: expected D2, found F6 (conflict)
  0x11F2D7: expected CA, found DE (conflict)
  0x11F2D9: expected C6, found CE (conflict)  explains: Final Fantasy V (J) [T+Spa1.06f_noisecross][CRC32_4BADF779].ips
  0x11F2DB: expected C2, found C6 (still-clean)  explains: Final Fantasy V - GBA Script Port.ips, Final Fantasy V (J) [T+Spa1.06f_noisecross][CRC32_4BADF779].ips, [5665]ff5_dbl_xp_gold_abp.zip::FFV Clean v195.ips
  0x11F2E1: expected 7C, found 38 (conflict)
  0x11F2E3: expected C2, found 6C (conflict)
  0x11F2ED: expected 7C, found 38 (conflict)
  0x11F2F3: expected C2, found 66 (conflict)  explains: FF5Clean Castlevania3 Font (xJ4cks & sleepyren).ips
  0x11F2F7: expected FC, found 7C (conflict)
  0x11F2F9: expected C0, found 60 (conflict)
  0x11F301: expected 7C, found 3C (conflict)
  0x11F303: expected C2, found 66 (conflict)
  0x11F309: expected DA, found 6E (conflict)
  0x11F30B: expected D4, found 3C (conflict)
  0x11F30D: expected 7A, found 0E (conflict)
  0x11F313: expected C2, found 66 (conflict)  explains: FF5Clean Castlevania3 Font (xJ4cks & sleepyren).ips
  0x11F317: expected FC, found 78 (conflict)
  0x11F319: expected C8, found 6C (conflict)
  0x11F31B: expected C4, found 66 (conflict)
  0x11F31D: expected C2, found E6 (conflict)
  ... 459 more mismatched bytes omitted

=== backups, other ppls patches\[6858]ff5_replace_drag_spell_v1.0\ff5_drag_to_haste_self.ips [PARTIAL, 33.3% of 15 informative bytes, delta 0] ===
  0x026CE4: expected 4C, found 20 (conflict)  explains: ff5_drag_to_mpcharge_self.ips
  0x026CE5: expected F6, found 52 (conflict)  explains: ff5_drag_to_mpcharge_self.ips
  0x026CE6: expected 6A, found 82 (conflict)  explains: ff5_drag_to_mpcharge_self.ips
  0x026CE7: expected EA, found 4C (conflict)  explains: ff5_drag_to_mpcharge_self.ips
  0x026CE8: expected EA, found DE (conflict)  explains: ff5_drag_to_mpcharge_self.ips
  0x026CE9: expected EA, found 89 (conflict)  explains: ff5_drag_to_mpcharge_self.ips
  0x110D33: expected 82, found 80 (conflict)  explains: ff5_drag_to_mpcharge_self.ips
  0x110D35: expected 80, found 0C (conflict)  explains: ff5_drag_to_mpcharge_self.ips
  0x110D36: expected FB, found 01 (conflict)  explains: ff5_drag_to_mpcharge_self.ips
  0x110D37: expected 08, found 00 (still-clean)

=== backups, other ppls patches\[6858]ff5_replace_drag_spell_v1.0\ff5_drag_to_levelup_self.ips [PARTIAL, 38.5% of 13 informative bytes, delta 0] ===
  0x026CE4: expected 4C, found 20 (conflict)  explains: ff5_drag_to_mpcharge_self.ips
  0x026CE5: expected 43, found 52 (conflict)  explains: ff5_drag_to_mpcharge_self.ips
  0x026CE6: expected 91, found 82 (conflict)  explains: ff5_drag_to_mpcharge_self.ips
  0x026CE7: expected EA, found 4C (conflict)  explains: ff5_drag_to_mpcharge_self.ips
  0x026CE8: expected EA, found DE (conflict)  explains: ff5_drag_to_mpcharge_self.ips
  0x026CE9: expected EA, found 89 (conflict)  explains: ff5_drag_to_mpcharge_self.ips
  0x110D33: expected 84, found 80 (conflict)  explains: ff5_drag_to_mpcharge_self.ips
  0x110D37: expected 07, found 00 (still-clean)

=== backups, other ppls patches\[6858]ff5_replace_drag_spell_v1.0\ff5_drag_to_nullstatus_self.ips [PARTIAL, 35.7% of 14 informative bytes, delta 0] ===
  0x026CE4: expected 4C, found 20 (conflict)  explains: ff5_drag_to_mpcharge_self.ips
  0x026CE5: expected 35, found 52 (conflict)  explains: ff5_drag_to_mpcharge_self.ips
  0x026CE6: expected 6B, found 82 (conflict)  explains: ff5_drag_to_mpcharge_self.ips
  0x026CE7: expected EA, found 4C (conflict)  explains: ff5_drag_to_mpcharge_self.ips
  0x026CE8: expected EA, found DE (conflict)  explains: ff5_drag_to_mpcharge_self.ips
  0x026CE9: expected EA, found 89 (conflict)  explains: ff5_drag_to_mpcharge_self.ips
  0x110D33: expected 83, found 80 (conflict)  explains: ff5_drag_to_mpcharge_self.ips
  0x110D35: expected 82, found 0C (conflict)  explains: ff5_drag_to_mpcharge_self.ips
  0x110D37: expected 02, found 00 (still-clean)

=== backups, other ppls patches\[6858]ff5_replace_drag_spell_v1.0\Optional Rename Patches\ff5_optional_rename_chrge.ips [PARTIAL, 50.0% of 4 informative bytes, delta 0] ===
  0x111DC5: expected 62, found 72 (conflict)  explains: Final Fantasy V - GBA Script Port.ips, ff5_optional_rename_speed.ips, ff5_optional_rename_surge.ips
  0x111DC6: expected 81, found 8E (conflict)  explains: ff5_optional_rename_null.ips, ff5_optional_rename_null_squish.ips, ff5_optional_rename_nullify_squish.ips

=== backups, other ppls patches\[6858]ff5_replace_drag_spell_v1.0\Optional Rename Patches\ff5_optional_rename_null.ips [PARTIAL, 25.0% of 4 informative bytes, delta 0] ===
  0x111DC5: expected 6D, found 72 (conflict)  explains: Final Fantasy V - GBA Script Port.ips, ff5_optional_rename_speed.ips, ff5_optional_rename_surge.ips
  0x111DC7: expected 85, found 8B (conflict)  explains: ff5_optional_rename_chrge.ips, ff5_optional_rename_surge.ips
  0x111DC8: expected 85, found 80 (still-clean)  explains: ff5_optional_rename_chrge.ips, ff5_optional_rename_surge.ips, [5665]ff5_dbl_xp_gold_abp.zip::FFV Clean v195.ips

=== backups, other ppls patches\[6858]ff5_replace_drag_spell_v1.0\Optional Rename Patches\ff5_optional_rename_null_squish.ips [PARTIAL, 25.0% of 4 informative bytes, delta 0] ===
  0x111DC5: expected 6D, found 72 (conflict)  explains: Final Fantasy V - GBA Script Port.ips, ff5_optional_rename_speed.ips, ff5_optional_rename_surge.ips
  0x111DC7: expected 98, found 8B (conflict)  explains: ff5_optional_rename_chrge.ips, ff5_optional_rename_surge.ips
  0x111DC8: expected FF, found 80 (still-clean)  explains: ff5_optional_rename_chrge.ips, ff5_optional_rename_surge.ips, [5665]ff5_dbl_xp_gold_abp.zip::FFV Clean v195.ips

=== backups, other ppls patches\[6858]ff5_replace_drag_spell_v1.0\Optional Rename Patches\ff5_optional_rename_nullify_squish.ips [PARTIAL, 20.0% of 5 informative bytes, delta 0] ===
  0x111DC5: expected 6D, found 72 (conflict)  explains: Final Fantasy V - GBA Script Port.ips, ff5_optional_rename_speed.ips, ff5_optional_rename_surge.ips
  0x111DC7: expected 98, found 8B (conflict)  explains: ff5_optional_rename_chrge.ips, ff5_optional_rename_surge.ips
  0x111DC8: expected AC, found 80 (still-clean)  explains: ff5_optional_rename_chrge.ips, ff5_optional_rename_surge.ips, [5665]ff5_dbl_xp_gold_abp.zip::FFV Clean v195.ips
  0x111DC9: expected 92, found 7E (conflict)  explains: ff5_optional_rename_chrge.ips, ff5_optional_rename_surge.ips

=== backups, other ppls patches\[6858]ff5_replace_drag_spell_v1.0\Optional Rename Patches\ff5_optional_rename_speed.ips [PARTIAL, 20.0% of 5 informative bytes, delta 0] ===
  0x111DC6: expected 89, found 8E (conflict)  explains: ff5_optional_rename_null.ips, ff5_optional_rename_null_squish.ips, ff5_optional_rename_nullify_squish.ips
  0x111DC7: expected 7E, found 8B (conflict)  explains: ff5_optional_rename_chrge.ips, ff5_optional_rename_surge.ips
  0x111DC8: expected 7E, found 80 (still-clean)  explains: ff5_optional_rename_chrge.ips, ff5_optional_rename_surge.ips, [5665]ff5_dbl_xp_gold_abp.zip::FFV Clean v195.ips
  0x111DC9: expected 7D, found 7E (conflict)  explains: ff5_optional_rename_chrge.ips, ff5_optional_rename_surge.ips

=== backups, other ppls patches\FFV L+R Leader Swap by Cubear.ips [PARTIAL, 8.8% of 500 informative bytes, delta 0] ===
  0x001CE3: expected 4C, found 5D (conflict)  explains: lrleader - Cubear.ips
  0x00FFDC: expected 35, found BF (conflict)  explains: FFV - Weapon 1.7 Equip for Thief, Ninja.ips, FFV Clean - Serity's Equip Icons upgrade.ips
  0x00FFDD: expected 30, found 3E (conflict)  explains: FFV - Weapon 1.7 Equip for Thief, Ninja.ips, FFV Clean - Serity's Equip Icons upgrade.ips
  0x00FFDE: expected CA, found 40 (conflict)  explains: FFV - Weapon 1.7 Equip for Thief, Ninja.ips, FFV Clean - Serity's Equip Icons upgrade.ips
  0x00FFDF: expected CF, found C1 (conflict)  explains: FFV - Weapon 1.7 Equip for Thief, Ninja.ips
  0x02D4F8: expected A6, found B7 (conflict)  explains: lrleader - Cubear.ips
  0x3AF009: expected 4D, found 48 (conflict)  explains: lrleader - Cubear.ips
  0x3AF011: expected 45, found 40 (conflict)  explains: lrleader - Cubear.ips
  0x3AF01C: expected 3A, found 35 (conflict)  explains: lrleader - Cubear.ips
  0x3AF01D: expected C9, found AD (conflict)  explains: lrleader - Cubear.ips
  0x3AF01E: expected 02, found 57 (conflict)  explains: lrleader - Cubear.ips
  0x3AF020: expected 90, found 29 (conflict)  explains: lrleader - Cubear.ips
  0x3AF021: expected 35, found 01 (conflict)  explains: lrleader - Cubear.ips
  0x3AF022: expected AD, found 00 (still-clean)  explains: lrleader - Cubear.ips, FFV RPGe Clean Warriors.ips, Final Fantasy V (Japan) [En by RPGe v1.1] - Whirlwind - v3.11 by clymax.ips
  0x3AF023: expected 57, found D0 (conflict)  explains: lrleader - Cubear.ips
  0x3AF024: expected 0B, found 2D (conflict)  explains: lrleader - Cubear.ips
  0x3AF025: expected 29, found AD (conflict)  explains: lrleader - Cubear.ips
  0x3AF026: expected 01, found 03 (conflict)  explains: lrleader - Cubear.ips
  0x3AF028: expected D0, found 29 (conflict)  explains: lrleader - Cubear.ips
  0x3AF029: expected 2D, found FF (conflict)  explains: lrleader - Cubear.ips
  0x3AF02A: expected AD, found 00 (still-clean)  explains: lrleader - Cubear.ips, FFV RPGe Clean Warriors.ips, Final Fantasy V (Japan) [En by RPGe v1.1] - Whirlwind - v3.11 by clymax.ips
  0x3AF02B: expected 03, found C9 (conflict)  explains: lrleader - Cubear.ips
  0x3AF02C: expected 1F, found C0 (conflict)  explains: lrleader - Cubear.ips
  0x3AF02D: expected 29, found 00 (still-clean)  explains: lrleader - Cubear.ips, FFV RPGe Clean Warriors.ips, Final Fantasy V (Japan) [En by RPGe v1.1] - Whirlwind - v3.11 by clymax.ips
  0x3AF02E: expected FF, found D0 (conflict)  explains: lrleader - Cubear.ips
  0x3AF030: expected C9, found 5A (conflict)  explains: lrleader - Cubear.ips
  0x3AF031: expected C0, found DA (conflict)  explains: lrleader - Cubear.ips
  0x3AF033: expected D0, found E2 (conflict)  explains: lrleader - Cubear.ips
  0x3AF034: expected 22, found 20 (conflict)  explains: lrleader - Cubear.ips
  0x3AF035: expected 5A, found AD (conflict)  explains: lrleader - Cubear.ips
  0x3AF036: expected DA, found 15 (conflict)  explains: lrleader - Cubear.ips
  0x3AF037: expected 08, found 1F (conflict)  explains: lrleader - Cubear.ips
  0x3AF038: expected E2, found C9 (conflict)  explains: lrleader - Cubear.ips
  0x3AF039: expected 20, found 05 (conflict)  explains: lrleader - Cubear.ips
  0x3AF03A: expected AD, found 90 (conflict)  explains: lrleader - Cubear.ips
  0x3AF03B: expected 11, found 08 (conflict)  explains: lrleader - Cubear.ips
  0x3AF03C: expected 1F, found AD (conflict)  explains: lrleader - Cubear.ips
  0x3AF03D: expected C9, found DA (conflict)  explains: lrleader - Cubear.ips
  0x3AF03E: expected 05, found 0A (conflict)  explains: lrleader - Cubear.ips
  0x3AF03F: expected 90, found 3A (conflict)  explains: lrleader - Cubear.ips
  0x3AF040: expected 08, found 3A (conflict)  explains: lrleader - Cubear.ips
  0x3AF041: expected AD, found 8D (conflict)  explains: lrleader - Cubear.ips
  0x3AF042: expected DA, found 15 (conflict)  explains: lrleader - Cubear.ips
  0x3AF043: expected 0A, found 1F (conflict)  explains: lrleader - Cubear.ips
  0x3AF044: expected 3A, found AD (conflict)  explains: lrleader - Cubear.ips
  0x3AF045: expected 3A, found 0A (conflict)  explains: lrleader - Cubear.ips
  0x3AF046: expected 8D, found 01 (conflict)  explains: lrleader - Cubear.ips
  0x3AF047: expected 11, found 29 (conflict)  explains: lrleader - Cubear.ips
  0x3AF048: expected 1F, found 30 (conflict)  explains: lrleader - Cubear.ips
  0x3AF049: expected AD, found F0 (conflict)  explains: lrleader - Cubear.ips
  0x3AF04A: expected 0A, found 05 (conflict)  explains: lrleader - Cubear.ips
  0x3AF04B: expected 01, found A2 (conflict)  explains: lrleader - Cubear.ips
  0x3AF04C: expected 29, found 00 (still-clean)  explains: lrleader - Cubear.ips, FFV RPGe Clean Warriors.ips, Final Fantasy V (Japan) [En by RPGe v1.1] - Whirlwind - v3.11 by clymax.ips
  0x3AF04D: expected 30, found 00 (still-clean)  explains: lrleader - Cubear.ips, FFV RPGe Clean Warriors.ips, Final Fantasy V (Japan) [En by RPGe v1.1] - Whirlwind - v3.11 by clymax.ips
  0x3AF04E: expected F0, found 80 (conflict)  explains: lrleader - Cubear.ips
  0x3AF04F: expected 05, found 03 (conflict)  explains: lrleader - Cubear.ips
  0x3AF050: expected A2, found 28 (conflict)  explains: lrleader - Cubear.ips
  0x3AF053: expected 80, found BD (conflict)  explains: lrleader - Cubear.ips
  0x3AF054: expected 03, found 00 (still-clean)  explains: lrleader - Cubear.ips, FFV RPGe Clean Warriors.ips, Final Fantasy V (Japan) [En by RPGe v1.1] - Whirlwind - v3.11 by clymax.ips
  0x3AF055: expected 28, found 05 (conflict)  explains: lrleader - Cubear.ips
  0x3AF056: expected FA, found 29 (conflict)  explains: lrleader - Cubear.ips
  0x3AF057: expected 6B, found 07 (conflict)  explains: lrleader - Cubear.ips
  0x3AF058: expected BD, found CD (conflict)  explains: lrleader - Cubear.ips
  0x3AF05A: expected 05, found 1F (conflict)  explains: lrleader - Cubear.ips
  ... 392 more mismatched bytes omitted

=== backups, other ppls patches\lrleader - Cubear.ips [APPLIED, 99.3% of 613 informative bytes, delta 0] ===
  0x00FFDC: expected 8D, found BF (conflict)  explains: FFV - Weapon 1.7 Equip for Thief, Ninja.ips, FFV Clean - Serity's Equip Icons upgrade.ips
  0x00FFDD: expected ED, found 3E (conflict)  explains: FFV - Weapon 1.7 Equip for Thief, Ninja.ips, FFV Clean - Serity's Equip Icons upgrade.ips
  0x00FFDE: expected 72, found 40 (conflict)  explains: FFV - Weapon 1.7 Equip for Thief, Ninja.ips, FFV Clean - Serity's Equip Icons upgrade.ips
  0x00FFDF: expected 12, found C1 (conflict)  explains: FFV - Weapon 1.7 Equip for Thief, Ninja.ips

=== backups, other ppls patches\start encounters - Cubear.ips [PARTIAL, 95.1% of 82 informative bytes, delta 0] ===
  0x00FFDC: expected 4E, found BF (conflict)  explains: FFV - Weapon 1.7 Equip for Thief, Ninja.ips, FFV Clean - Serity's Equip Icons upgrade.ips
  0x00FFDD: expected 51, found 3E (conflict)  explains: FFV - Weapon 1.7 Equip for Thief, Ninja.ips, FFV Clean - Serity's Equip Icons upgrade.ips
  0x00FFDE: expected B1, found 40 (conflict)  explains: FFV - Weapon 1.7 Equip for Thief, Ninja.ips, FFV Clean - Serity's Equip Icons upgrade.ips
  0x00FFDF: expected AE, found C1 (conflict)  explains: FFV - Weapon 1.7 Equip for Thief, Ninja.ips

=== cosmetic patches\FF5 Character Change 0.3 by Tsushiy\FF5 Character Change 0.3\FF5 Character Change 0.3 (Record Keeper sprites by Tsushiy).ips [PARTIAL, 7.5% of 39765 informative bytes, delta 0] ===
  0x120044: expected F9, found F1 (still-clean)
  0x120045: expected 70, found 60 (still-clean)
  0x120046: expected 7F, found 79 (still-clean)
  0x120047: expected 39, found 30 (still-clean)
  0x120049: expected 0B, found 09 (still-clean)
  0x120054: expected 34, found 2C (still-clean)
  0x120056: expected 18, found 14 (still-clean)
  0x120057: expected 21, found 22 (still-clean)
  0x120058: expected 0B, found 09 (still-clean)
  0x120088: expected 0F, found 03 (still-clean)
  0x120089: expected 02, found 01 (still-clean)
  0x12008A: expected 17, found 03 (still-clean)
  0x12008B: expected 0E, found 01 (still-clean)
  0x12008C: expected 1F, found 07 (still-clean)
  0x12008D: expected 01, found 03 (still-clean)
  0x12008E: expected 01, found 07 (still-clean)
  0x120098: expected 02, found 01 (still-clean)
  0x12009A: expected 0E, found 00 (still-clean)
  0x12009B: expected 00, found 01 (still-clean)
  0x12009C: expected 01, found 03 (still-clean)
  0x1200A6: expected F0, found E0 (still-clean)
  0x1200A8: expected D8, found F0 (conflict)  explains: Final Fantasy V Tweaks v2.7a.ips, FFV Sprite Touch-ups v103 by ChickenKnife.ips, FFV RPGe Clean Warriors.ips
  0x1200A9: expected F0, found E0 (still-clean)
  0x1200AA: expected D8, found B0 (still-clean)
  0x1200AB: expected F0, found E0 (still-clean)
  0x1200AC: expected F8, found F0 (still-clean)
  0x1200AD: expected D0, found A0 (still-clean)
  0x1200AE: expected F8, found F0 (still-clean)
  0x1200B8: expected F0, found E0 (still-clean)
  0x1200BA: expected 30, found 60 (still-clean)
  0x1200BB: expected C0, found 80 (still-clean)
  0x1200BC: expected D0, found A0 (still-clean)
  0x120106: expected 87, found 83 (still-clean)
  0x120116: expected 30, found 34 (still-clean)
  0x120208: expected F0, found F4 (still-clean)
  0x120209: expected 00, found 06 (still-clean)
  0x12020A: expected F6, found F0 (still-clean)
  0x12020B: expected 66, found 60 (still-clean)
  0x120218: expected 0C, found 08 (still-clean)
  0x120219: expected 03, found 01 (still-clean)
  0x12021A: expected 28, found 2E (still-clean)
  0x120284: expected 79, found 71 (still-clean)
  0x120285: expected 30, found 20 (still-clean)
  0x120286: expected 3F, found 39 (still-clean)
  0x120287: expected 19, found 10 (still-clean)
  0x120289: expected 0B, found 09 (still-clean)
  0x120294: expected 04, found 0C (still-clean)
  0x120295: expected 32, found 22 (still-clean)
  0x120296: expected 10, found 14 (still-clean)
  0x120297: expected 09, found 02 (still-clean)
  0x120298: expected 0B, found 09 (still-clean)
  0x1202C4: expected 79, found 71 (still-clean)
  0x1202C5: expected 30, found 20 (still-clean)
  0x1202C6: expected 3F, found 3B (still-clean)
  0x1202C7: expected 19, found 11 (still-clean)
  0x1202CB: expected 04, found 00 (still-clean)
  0x1202D4: expected 04, found 0C (still-clean)
  0x1202D5: expected 32, found 22 (still-clean)
  0x1202D6: expected 18, found 14 (still-clean)
  0x1202D8: expected 04, found 00 (still-clean)
  0x1202D9: expected 04, found 00 (still-clean)
  0x1202DA: expected 23, found 27 (still-clean)
  0x1202DB: expected 13, found 17 (still-clean)
  0x120402: expected 59, found 51 (still-clean)
  ... 36699 more mismatched bytes omitted

=== cosmetic patches\FFV Sprite Touch-ups v103 by ChickenKnife.ips [PARTIAL, 89.6% of 452 informative bytes, delta 0] ===
  0x139C31: expected 04, found C4 (still-clean)
  0x139C69: expected E0, found C0 (still-clean)
  0x139C78: expected 00, found 20 (still-clean)
  0x141180: expected 91, found 4D (conflict)  explains: FFV Clean Krile + Lenna + Bartz.ips, FFV Clean Krile+Lenna.ips, FFV RPGe Clean Warriors.ips
  0x141254: expected 6C, found 36 (conflict)  explains: FFV Clean Krile + Lenna + Bartz.ips, FFV Clean Krile+Lenna.ips, FFV RPGe Clean Warriors.ips
  0x141255: expected 42, found 21 (conflict)  explains: FFV Clean Krile + Lenna + Bartz.ips, FFV Clean Krile+Lenna.ips, FFV RPGe Clean Warriors.ips
  0x1412A0: expected 31, found 1D (conflict)  explains: FFV Clean Krile + Lenna + Bartz.ips, FFV Clean Krile+Lenna.ips, FFV RPGe Clean Warriors.ips
  0x141380: expected 91, found 4D (conflict)  explains: FFV Clean Krile + Lenna + Bartz.ips, FFV Clean Krile+Lenna.ips, FFV RPGe Clean Warriors.ips
  0x14141A: expected 1E, found 07 (conflict)  explains: FFV Clean Krile + Lenna + Bartz.ips, FFV Clean Krile+Lenna.ips, FFV RPGe Clean Warriors.ips
  0x14141B: expected 40, found 10 (conflict)  explains: FFV Clean Krile + Lenna + Bartz.ips, FFV Clean Krile+Lenna.ips, FFV RPGe Clean Warriors.ips
  0x14141C: expected 0D, found 08 (conflict)  explains: FFV Clean Krile + Lenna + Bartz.ips, FFV Clean Krile+Lenna.ips, FFV RPGe Clean Warriors.ips
  0x14141D: expected 20, found 00 (conflict)  explains: FFV Clean Krile + Lenna + Bartz.ips, FFV Clean Krile+Lenna.ips, FFV RPGe Clean Warriors.ips
  0x14159A: expected 1E, found 0E (still-clean)  explains: FFV Clean Krile + Lenna + Bartz.ips, FFV Clean Krile+Lenna.ips, FFV RPGe Clean Warriors.ips
  0x14159C: expected 6D, found 30 (conflict)  explains: FFV Clean Krile + Lenna + Bartz.ips, FFV Clean Krile+Lenna.ips, FFV RPGe Clean Warriors.ips
  0x14159D: expected 00, found 06 (conflict)  explains: FFV Clean Krile + Lenna + Bartz.ips, FFV Clean Krile+Lenna.ips, FFV RPGe Clean Warriors.ips
  0x141CA1: expected 10, found 20 (conflict)  explains: FFV Clean Krile + Lenna + Bartz.ips, FFV Clean Krile+Lenna.ips, FFV RPGe Clean Warriors.ips
  0x141CB0: expected 60, found D0 (conflict)  explains: FFV Clean Krile + Lenna + Bartz.ips, FFV Clean Krile+Lenna.ips, FFV RPGe Clean Warriors.ips
  0x141CB1: expected 18, found 20 (conflict)  explains: FFV Clean Krile + Lenna + Bartz.ips, FFV Clean Krile+Lenna.ips, FFV ReJobbed Unchibi Krile by xJ4cks.ips
  0x141F26: expected F0, found C0 (conflict)  explains: FFV Clean Krile + Lenna + Bartz.ips, FFV Clean Krile+Lenna.ips, FFV RPGe Clean Warriors.ips
  0x141FB3: expected 00, found 20 (conflict)  explains: FFV Clean Krile + Lenna + Bartz.ips, FFV Clean Krile+Lenna.ips, FFV RPGe Clean Warriors.ips
  0x1429B0: expected 78, found E0 (conflict)  explains: FFV Clean Krile + Lenna + Bartz.ips, FFV Clean Krile+Lenna.ips, FFV RPGe Clean Warriors.ips
  0x1429B1: expected 00, found 10 (conflict)  explains: FFV Clean Krile + Lenna + Bartz.ips, FFV Clean Krile+Lenna.ips, FFV RPGe Clean Warriors.ips
  0x1440E2: expected F0, found 00 (conflict)  explains: FF5 Character Change 0.3 (Record Keeper sprites by Tsushiy).ips, FFV Clean Krile + Lenna + Bartz.ips, FFV Clean Krile+Lenna.ips
  0x14620C: expected 50, found 2F (conflict)  explains: FFV Clean Krile + Lenna + Bartz.ips, FFV Clean Krile+Lenna.ips, FFV RPGe Clean Warriors.ips
  0x14621C: expected 2C, found 11 (conflict)  explains: FFV Clean Krile + Lenna + Bartz.ips, FFV Clean Krile+Lenna.ips, FFV RPGe Clean Warriors.ips
  0x146580: expected 96, found 95 (conflict)  explains: FFV Clean Krile + Lenna + Bartz.ips, FFV Clean Krile+Lenna.ips, FFV RPGe Clean Warriors.ips
  0x146582: expected 94, found 95 (still-clean)  explains: FFV Clean Krile + Lenna + Bartz.ips, FFV Clean Krile+Lenna.ips, FFV RPGe Clean Warriors.ips
  0x1466A0: expected 26, found 25 (conflict)  explains: FFV Clean Krile + Lenna + Bartz.ips, FFV Clean Krile+Lenna.ips, FFV RPGe Clean Warriors.ips
  0x1466A2: expected 14, found 15 (still-clean)  explains: FFV Clean Krile + Lenna + Bartz.ips, FFV Clean Krile+Lenna.ips, FFV RPGe Clean Warriors.ips
  0x146780: expected 96, found 94 (still-clean)  explains: FFV Clean Krile + Lenna + Bartz.ips, FFV Clean Krile+Lenna.ips, FFV RPGe Clean Warriors.ips
  0x146993: expected 11, found 10 (still-clean)  explains: FFV Clean Krile + Lenna + Bartz.ips, FFV Clean Krile+Lenna.ips, FFV RPGe Clean Warriors.ips
  0x14826E: expected E6, found CC (conflict)  explains: FFV Clean Krile + Lenna + Bartz.ips, FFV Clean Krile+Lenna.ips, FFV RPGe Clean Warriors.ips
  0x148280: expected 91, found 41 (conflict)  explains: FFV Clean Krile + Lenna + Bartz.ips, FFV Clean Krile+Lenna.ips, FFV RPGe Clean Warriors.ips
  0x148324: expected 8F, found 3E (conflict)  explains: FFV Clean Krile + Lenna + Bartz.ips, FFV Clean Krile+Lenna.ips, FFV RPGe Clean Warriors.ips
  0x148326: expected 8F, found 3E (conflict)  explains: FFV Clean Krile + Lenna + Bartz.ips, FFV Clean Krile+Lenna.ips, FFV RPGe Clean Warriors.ips
  0x148334: expected 12, found 84 (conflict)  explains: FFV Clean Krile + Lenna + Bartz.ips, FFV Clean Krile+Lenna.ips, FFV RPGe Clean Warriors.ips
  0x148335: expected 24, found 68 (conflict)  explains: FFV Clean Krile + Lenna + Bartz.ips, FFV Clean Krile+Lenna.ips, FFV RPGe Clean Warriors.ips
  0x148336: expected 16, found 8C (conflict)  explains: FFV Clean Krile + Lenna + Bartz.ips, FFV Clean Krile+Lenna.ips, FFV RPGe Clean Warriors.ips
  0x148337: expected 20, found 60 (conflict)  explains: FFV Clean Krile + Lenna + Bartz.ips, FFV Clean Krile+Lenna.ips, FFV RPGe Clean Warriors.ips
  0x1485B8: expected 80, found 40 (conflict)  explains: FFV Clean Krile + Lenna + Bartz.ips, FFV Clean Krile+Lenna.ips, FFV RPGe Clean Warriors.ips
  0x1485B9: expected E0, found 80 (conflict)  explains: FFV Clean Krile + Lenna + Bartz.ips, FFV Clean Krile+Lenna.ips, FFV RPGe Clean Warriors.ips
  0x1491EE: expected FF, found 3E (conflict)  explains: unchibi Jobless v1.0 (RPGe).ips, Krile Freelancer Fixer v3 - xJ4cks .ips, new Krile - xJ4cks .ips
  0x1491EF: expected 00, found C0 (conflict)  explains: unchibi Jobless v1.0 (RPGe).ips, Krile Freelancer Fixer v3 - xJ4cks .ips, new Krile - xJ4cks .ips
  0x1491FF: expected 94, found E8 (conflict)  explains: unchibi Jobless v1.0 (RPGe).ips, Krile Freelancer Fixer v3 - xJ4cks .ips, new Krile - xJ4cks .ips
  0x149222: expected 77, found FE (conflict)  explains: unchibi Jobless v1.0 (RPGe).ips, Krile Freelancer Fixer v3 - xJ4cks .ips, new Krile - xJ4cks .ips
  0x149224: expected C7, found CE (conflict)  explains: unchibi Jobless v1.0 (RPGe).ips, Krile Freelancer Fixer v3 - xJ4cks .ips, new Krile - xJ4cks .ips
  0x149232: expected 08, found 44 (conflict)  explains: FFV Clean Krile + Lenna + Bartz.ips, FFV Clean Krile+Lenna.ips, FFV ReJobbed Unchibi Krile by xJ4cks.ips

=== cosmetic patches\FFV-DressCode-release6\Final.Fantasy.V.Dress.Code by Cubear.ips [PARTIAL, 28.9% of 158564 informative bytes, delta 0] ===
  0x001D7D: expected 70, found A0 (conflict)
  0x001D7E: expected F0, found F1 (conflict)
  0x001D81: expected 81, found A0 (conflict)
  0x001D82: expected F0, found F1 (conflict)
  0x00FFDC: expected BE, found BF (conflict)  explains: FFV - Weapon 1.7 Equip for Thief, Ninja.ips, FFV Clean - Serity's Equip Icons upgrade.ips
  0x00FFDD: expected B4, found 3E (conflict)  explains: FFV - Weapon 1.7 Equip for Thief, Ninja.ips, FFV Clean - Serity's Equip Icons upgrade.ips
  0x00FFDE: expected 41, found 40 (conflict)  explains: FFV - Weapon 1.7 Equip for Thief, Ninja.ips, FFV Clean - Serity's Equip Icons upgrade.ips
  0x00FFDF: expected 4B, found C1 (conflict)  explains: FFV - Weapon 1.7 Equip for Thief, Ninja.ips
  0x390003: expected 07, found 04 (conflict)
  0x390005: expected 1F, found 12 (conflict)
  0x390007: expected 1B, found 12 (conflict)
  0x390009: expected 19, found 01 (conflict)
  0x39000A: expected 1F, found 1D (conflict)
  0x39000B: expected 08, found 00 (still-clean)  explains: Final Fantasy V (Japan) [En by RPGe v1.1] - Whirlwind - v3.11 by clymax.ips
  0x39000C: expected 3F, found 3E (conflict)
  0x39000D: expected 01, found 00 (still-clean)  explains: Final Fantasy V (Japan) [En by RPGe v1.1] - Whirlwind - v3.11 by clymax.ips
  0x39000E: expected 6A, found 7A (conflict)
  0x39000F: expected 11, found 36 (conflict)
  0x390012: expected 07, found 03 (conflict)
  0x390014: expected 1F, found 0D (conflict)
  0x390016: expected 1B, found 09 (conflict)
  0x390018: expected 19, found 08 (conflict)
  0x39001A: expected 0A, found 02 (conflict)
  0x39001B: expected 02, found 0A (conflict)
  0x39001E: expected 24, found 11 (conflict)
  0x39001F: expected 10, found 20 (conflict)
  0x390023: expected E0, found 20 (conflict)
  0x390024: expected F4, found FC (conflict)
  0x390025: expected F8, found 00 (still-clean)  explains: Final Fantasy V (Japan) [En by RPGe v1.1] - Whirlwind - v3.11 by clymax.ips
  0x390027: expected A0, found 10 (conflict)
  0x390028: expected FA, found FE (conflict)
  0x390029: expected 8C, found 30 (conflict)
  0x39002A: expected 7C, found 6C (conflict)
  0x39002B: expected C8, found 80 (conflict)
  0x39002D: expected 10, found 00 (still-clean)  explains: Final Fantasy V (Japan) [En by RPGe v1.1] - Whirlwind - v3.11 by clymax.ips
  0x39002E: expected 56, found 5E (conflict)
  0x39002F: expected 88, found 6C (conflict)
  0x390032: expected E0, found C0 (conflict)
  0x390034: expected F8, found C8 (conflict)
  0x390036: expected B0, found 90 (conflict)
  0x390037: expected 10, found 30 (conflict)
  0x390038: expected BC, found B4 (conflict)
  0x390039: expected 30, found 38 (conflict)
  0x39003A: expected D8, found 50 (conflict)
  0x39003B: expected 10, found 98 (conflict)
  0x39003C: expected 10, found 00 (still-clean)  explains: Final Fantasy V (Japan) [En by RPGe v1.1] - Whirlwind - v3.11 by clymax.ips
  0x39003E: expected 24, found 88 (conflict)
  0x39003F: expected 08, found 04 (conflict)
  0x390040: expected 34, found 3C (conflict)
  0x390041: expected 0B, found 18 (conflict)
  0x390042: expected 7F, found 7B (conflict)
  0x390044: expected 5C, found 4B (conflict)
  0x390045: expected 37, found 07 (conflict)
  0x390046: expected 7F, found 5F (conflict)
  0x390047: expected 20, found 03 (conflict)
  0x390048: expected 28, found 2F (conflict)
  0x39004A: expected 0F, found 08 (conflict)
  0x39004B: expected 07, found 00 (still-clean)  explains: Final Fantasy V (Japan) [En by RPGe v1.1] - Whirlwind - v3.11 by clymax.ips
  0x39004C: expected 0A, found 0F (conflict)
  0x39004D: expected 05, found 07 (conflict)
  0x39004E: expected 04, found 07 (conflict)
  0x390050: expected 10, found 0B (conflict)
  0x390051: expected 08, found 10 (conflict)
  0x390052: expected 20, found 24 (conflict)
  ... 112706 more mismatched bytes omitted

=== cosmetic patches\Final_Fantasy_V_Dress_Code beta (Cubear).ips [PARTIAL, 28.7% of 158518 informative bytes, delta 0] ===
  0x001D7D: expected 70, found A0 (conflict)
  0x001D7E: expected F0, found F1 (conflict)
  0x001D81: expected 81, found A0 (conflict)
  0x001D82: expected F0, found F1 (conflict)
  0x00FFDC: expected BE, found BF (conflict)  explains: FFV - Weapon 1.7 Equip for Thief, Ninja.ips, FFV Clean - Serity's Equip Icons upgrade.ips
  0x00FFDD: expected B4, found 3E (conflict)  explains: FFV - Weapon 1.7 Equip for Thief, Ninja.ips, FFV Clean - Serity's Equip Icons upgrade.ips
  0x00FFDE: expected 41, found 40 (conflict)  explains: FFV - Weapon 1.7 Equip for Thief, Ninja.ips, FFV Clean - Serity's Equip Icons upgrade.ips
  0x00FFDF: expected 4B, found C1 (conflict)  explains: FFV - Weapon 1.7 Equip for Thief, Ninja.ips
  0x390003: expected 07, found 04 (conflict)
  0x390005: expected 1F, found 12 (conflict)
  0x390007: expected 1B, found 12 (conflict)
  0x390009: expected 19, found 01 (conflict)
  0x39000A: expected 1F, found 1D (conflict)
  0x39000B: expected 08, found 00 (still-clean)  explains: Final Fantasy V (Japan) [En by RPGe v1.1] - Whirlwind - v3.11 by clymax.ips
  0x39000C: expected 3F, found 3E (conflict)
  0x39000D: expected 01, found 00 (still-clean)  explains: Final Fantasy V (Japan) [En by RPGe v1.1] - Whirlwind - v3.11 by clymax.ips
  0x39000E: expected 6A, found 7A (conflict)
  0x39000F: expected 11, found 36 (conflict)
  0x390012: expected 07, found 03 (conflict)
  0x390014: expected 1F, found 0D (conflict)
  0x390016: expected 1B, found 09 (conflict)
  0x390018: expected 19, found 08 (conflict)
  0x39001A: expected 0A, found 02 (conflict)
  0x39001B: expected 02, found 0A (conflict)
  0x39001E: expected 24, found 11 (conflict)
  0x39001F: expected 10, found 20 (conflict)
  0x390023: expected E0, found 20 (conflict)
  0x390024: expected F4, found FC (conflict)
  0x390025: expected F8, found 00 (still-clean)  explains: Final Fantasy V (Japan) [En by RPGe v1.1] - Whirlwind - v3.11 by clymax.ips
  0x390027: expected A0, found 10 (conflict)
  0x390028: expected FA, found FE (conflict)
  0x390029: expected 8C, found 30 (conflict)
  0x39002A: expected 7C, found 6C (conflict)
  0x39002B: expected C8, found 80 (conflict)
  0x39002D: expected 10, found 00 (still-clean)  explains: Final Fantasy V (Japan) [En by RPGe v1.1] - Whirlwind - v3.11 by clymax.ips
  0x39002E: expected 56, found 5E (conflict)
  0x39002F: expected 88, found 6C (conflict)
  0x390032: expected E0, found C0 (conflict)
  0x390034: expected F8, found C8 (conflict)
  0x390036: expected B0, found 90 (conflict)
  0x390037: expected 10, found 30 (conflict)
  0x390038: expected BC, found B4 (conflict)
  0x390039: expected 30, found 38 (conflict)
  0x39003A: expected D8, found 50 (conflict)
  0x39003B: expected 10, found 98 (conflict)
  0x39003C: expected 10, found 00 (still-clean)  explains: Final Fantasy V (Japan) [En by RPGe v1.1] - Whirlwind - v3.11 by clymax.ips
  0x39003E: expected 24, found 88 (conflict)
  0x39003F: expected 08, found 04 (conflict)
  0x390040: expected 34, found 3C (conflict)
  0x390041: expected 0B, found 18 (conflict)
  0x390042: expected 7F, found 7B (conflict)
  0x390044: expected 5C, found 4B (conflict)
  0x390045: expected 37, found 07 (conflict)
  0x390046: expected 7F, found 5F (conflict)
  0x390047: expected 20, found 03 (conflict)
  0x390048: expected 28, found 2F (conflict)
  0x39004A: expected 0F, found 08 (conflict)
  0x39004B: expected 07, found 00 (still-clean)  explains: Final Fantasy V (Japan) [En by RPGe v1.1] - Whirlwind - v3.11 by clymax.ips
  0x39004C: expected 0A, found 0F (conflict)
  0x39004D: expected 05, found 07 (conflict)
  0x39004E: expected 04, found 07 (conflict)
  0x390050: expected 10, found 0B (conflict)
  0x390051: expected 08, found 10 (conflict)
  0x390052: expected 20, found 24 (conflict)
  ... 112905 more mismatched bytes omitted

=== FFV inu patches (2008 - 2010)\base\ff5_core-1.6.ips [PARTIAL, 30.7% of 1400 informative bytes, delta 0] ===
  0x008A99: expected 80, found 81 (still-clean)  explains: anti_ff5_core-1.6.ips
  0x008A9D: expected E0, found FF (still-clean)  explains: anti_ff5_core-1.6.ips
  0x008A9E: expected B0, found F0 (still-clean)  explains: anti_ff5_core-1.6.ips
  0x008A9F: expected 09, found 12 (still-clean)  explains: anti_ff5_core-1.6.ips
  0x008ACC: expected 80, found 60 (still-clean)  explains: Final Fantasy V - GBA Script Port.ips, Final Fantasy V Tweaks v2.7a.ips, Final Fantasy V (J) [T+Spa1.06f_noisecross][CRC32_4BADF779].ips
  0x008ACD: expected 13, found 58 (still-clean)  explains: Final Fantasy V - GBA Script Port.ips, Final Fantasy V Tweaks v2.7a.ips, Final Fantasy V (J) [T+Spa1.06f_noisecross][CRC32_4BADF779].ips
  0x008ACE: expected D1, found E7 (still-clean)  explains: Final Fantasy V - GBA Script Port.ips, Final Fantasy V Tweaks v2.7a.ips, Final Fantasy V (J) [T+Spa1.06f_noisecross][CRC32_4BADF779].ips
  0x008ACF: expected C9, found 5C (still-clean)  explains: Final Fantasy V - GBA Script Port.ips, Final Fantasy V Tweaks v2.7a.ips, Final Fantasy V (J) [T+Spa1.06f_noisecross][CRC32_4BADF779].ips
  0x008AD0: expected E0, found 11 (still-clean)  explains: Final Fantasy V - GBA Script Port.ips, Final Fantasy V Tweaks v2.7a.ips, Final Fantasy V (J) [T+Spa1.06f_noisecross][CRC32_4BADF779].ips
  0x008AD1: expected B0, found 2F (still-clean)  explains: Final Fantasy V - GBA Script Port.ips, Final Fantasy V Tweaks v2.7a.ips, Final Fantasy V (J) [T+Spa1.06f_noisecross][CRC32_4BADF779].ips
  0x008AD2: expected 09, found E0 (still-clean)  explains: Final Fantasy V - GBA Script Port.ips, Final Fantasy V Tweaks v2.7a.ips, Final Fantasy V (J) [T+Spa1.06f_noisecross][CRC32_4BADF779].ips
  0x008AE2: expected 09, found 18 (still-clean)  explains: Final Fantasy V - GBA Script Port.ips, Final Fantasy V Tweaks v2.7a.ips, Final Fantasy V (J) [T+Spa1.06f_noisecross][CRC32_4BADF779].ips
  0x012EDB: expected A2, found A5 (still-clean)  explains: anti_ff5_core-1.6.ips
  0x012EDC: expected 64, found 7E (still-clean)  explains: anti_ff5_core-1.6.ips
  0x012EDD: expected 00, found C9 (still-clean)  explains: anti_ff5_core-1.6.ips
  0x012EDE: expected 86, found FC (still-clean)  explains: anti_ff5_core-1.6.ips
  0x012EDF: expected 80, found D0 (still-clean)  explains: anti_ff5_core-1.6.ips
  0x012EE0: expected 20, found 0F (still-clean)  explains: anti_ff5_core-1.6.ips
  0x012EE1: expected 67, found A9 (still-clean)  explains: anti_ff5_core-1.6.ips
  0x012EE2: expected FE, found 54 (still-clean)  explains: anti_ff5_core-1.6.ips
  0x012EE3: expected A6, found 20 (still-clean)  explains: anti_ff5_core-1.6.ips
  0x012EE4: expected 82, found EA (still-clean)  explains: anti_ff5_core-1.6.ips
  0x012EE5: expected 86, found 2D (still-clean)  explains: anti_ff5_core-1.6.ips
  0x012EE6: expected 7E, found A9 (still-clean)  explains: anti_ff5_core-1.6.ips
  0x012EE7: expected A2, found 53 (still-clean)  explains: anti_ff5_core-1.6.ips
  0x012EE8: expected FC, found 20 (still-clean)  explains: anti_ff5_core-1.6.ips
  0x012EE9: expected 00, found EA (still-clean)  explains: anti_ff5_core-1.6.ips
  0x012EEA: expected 86, found 2D (still-clean)  explains: anti_ff5_core-1.6.ips
  0x012EEB: expected 80, found A9 (still-clean)  explains: anti_ff5_core-1.6.ips
  0x012EEC: expected 20, found 53 (still-clean)  explains: anti_ff5_core-1.6.ips
  0x012EED: expected E7, found 4C (still-clean)  explains: anti_ff5_core-1.6.ips
  0x012EEE: expected FD, found EA (still-clean)  explains: anti_ff5_core-1.6.ips
  0x012EEF: expected A6, found 2D (still-clean)  explains: anti_ff5_core-1.6.ips
  0x012EF0: expected 82, found A2 (still-clean)  explains: anti_ff5_core-1.6.ips
  0x012EF2: expected B4, found 0F (still-clean)  explains: anti_ff5_core-1.6.ips
  0x020B2C: expected AE, found A6 (still-clean)  explains: anti_ff5_core-1.6.ips
  0x020B2D: expected F0, found 32 (still-clean)  explains: anti_ff5_core-1.6.ips
  0x020B2E: expected 04, found A5 (still-clean)  explains: anti_ff5_core-1.6.ips
  0x020B2F: expected E0, found 0E (still-clean)  explains: anti_ff5_core-1.6.ips
  0x020B30: expected BF, found 9D (still-clean)  explains: anti_ff5_core-1.6.ips
  0x020B31: expected 01, found 58 (still-clean)  explains: anti_ff5_core-1.6.ips
  0x020B32: expected F0, found 20 (still-clean)  explains: anti_ff5_core-1.6.ips
  0x020B33: expected 09, found AD (still-clean)  explains: anti_ff5_core-1.6.ips
  0x020B34: expected A6, found F1 (still-clean)  explains: anti_ff5_core-1.6.ips
  0x020B35: expected 32, found 04 (still-clean)  explains: anti_ff5_core-1.6.ips
  0x020B36: expected A5, found F0 (still-clean)  explains: anti_ff5_core-1.6.ips
  0x020B38: expected 9D, found AD (still-clean)  explains: anti_ff5_core-1.6.ips
  0x020B39: expected 58, found F0 (still-clean)  explains: anti_ff5_core-1.6.ips
  0x020B3A: expected 20, found 04 (still-clean)  explains: anti_ff5_core-1.6.ips
  0x020B3B: expected 80, found C9 (still-clean)  explains: anti_ff5_core-1.6.ips
  0x020B3C: expected 09, found BF (still-clean)  explains: anti_ff5_core-1.6.ips
  0x020B3D: expected A6, found D0 (still-clean)  explains: anti_ff5_core-1.6.ips
  0x020B3E: expected 32, found 07 (still-clean)  explains: anti_ff5_core-1.6.ips
  0x021068: expected AA, found 85 (still-clean)  explains: anti_ff5_core-1.6.ips
  0x021069: expected BF, found 24 (still-clean)  explains: anti_ff5_core-1.6.ips
  0x02106A: expected DB, found A9 (still-clean)  explains: anti_ff5_core-1.6.ips
  0x02106B: expected EE, found 14 (still-clean)  explains: anti_ff5_core-1.6.ips
  0x02106C: expected D0, found 85 (still-clean)  explains: anti_ff5_core-1.6.ips
  0x02106D: expected AA, found 25 (still-clean)  explains: anti_ff5_core-1.6.ips
  0x02106E: expected 7B, found 20 (still-clean)  explains: anti_ff5_core-1.6.ips
  0x02106F: expected A8, found F1 (still-clean)  explains: anti_ff5_core-1.6.ips
  0x021070: expected EA, found 00 (still-clean)  explains: anti_ff5_core-1.6.ips
  0x021071: expected EA, found 7B (still-clean)  explains: anti_ff5_core-1.6.ips
  0x021072: expected EA, found A8 (still-clean)  explains: anti_ff5_core-1.6.ips
  ... 906 more mismatched bytes omitted

=== FFV inu patches (2008 - 2010)\base\ff5_core-1.7.ips [PARTIAL, 27.0% of 1594 informative bytes, delta 0] ===
  0x008A99: expected 80, found 81 (still-clean)  explains: anti_ff5_core-1.6.ips
  0x008A9D: expected E0, found FF (still-clean)  explains: anti_ff5_core-1.6.ips
  0x008A9E: expected B0, found F0 (still-clean)  explains: anti_ff5_core-1.6.ips
  0x008A9F: expected 09, found 12 (still-clean)  explains: anti_ff5_core-1.6.ips
  0x008ACC: expected 80, found 60 (still-clean)  explains: Final Fantasy V - GBA Script Port.ips, Final Fantasy V Tweaks v2.7a.ips, Final Fantasy V (J) [T+Spa1.06f_noisecross][CRC32_4BADF779].ips
  0x008ACD: expected 13, found 58 (still-clean)  explains: Final Fantasy V - GBA Script Port.ips, Final Fantasy V Tweaks v2.7a.ips, Final Fantasy V (J) [T+Spa1.06f_noisecross][CRC32_4BADF779].ips
  0x008ACE: expected D1, found E7 (still-clean)  explains: Final Fantasy V - GBA Script Port.ips, Final Fantasy V Tweaks v2.7a.ips, Final Fantasy V (J) [T+Spa1.06f_noisecross][CRC32_4BADF779].ips
  0x008ACF: expected C9, found 5C (still-clean)  explains: Final Fantasy V - GBA Script Port.ips, Final Fantasy V Tweaks v2.7a.ips, Final Fantasy V (J) [T+Spa1.06f_noisecross][CRC32_4BADF779].ips
  0x008AD0: expected E0, found 11 (still-clean)  explains: Final Fantasy V - GBA Script Port.ips, Final Fantasy V Tweaks v2.7a.ips, Final Fantasy V (J) [T+Spa1.06f_noisecross][CRC32_4BADF779].ips
  0x008AD1: expected B0, found 2F (still-clean)  explains: Final Fantasy V - GBA Script Port.ips, Final Fantasy V Tweaks v2.7a.ips, Final Fantasy V (J) [T+Spa1.06f_noisecross][CRC32_4BADF779].ips
  0x008AD2: expected 09, found E0 (still-clean)  explains: Final Fantasy V - GBA Script Port.ips, Final Fantasy V Tweaks v2.7a.ips, Final Fantasy V (J) [T+Spa1.06f_noisecross][CRC32_4BADF779].ips
  0x008AE2: expected 09, found 18 (still-clean)  explains: Final Fantasy V - GBA Script Port.ips, Final Fantasy V Tweaks v2.7a.ips, Final Fantasy V (J) [T+Spa1.06f_noisecross][CRC32_4BADF779].ips
  0x012EDB: expected A2, found A5 (still-clean)  explains: anti_ff5_core-1.6.ips
  0x012EDC: expected 64, found 7E (still-clean)  explains: anti_ff5_core-1.6.ips
  0x012EDD: expected 00, found C9 (still-clean)  explains: anti_ff5_core-1.6.ips
  0x012EDE: expected 86, found FC (still-clean)  explains: anti_ff5_core-1.6.ips
  0x012EDF: expected 80, found D0 (still-clean)  explains: anti_ff5_core-1.6.ips
  0x012EE0: expected 20, found 0F (still-clean)  explains: anti_ff5_core-1.6.ips
  0x012EE1: expected 67, found A9 (still-clean)  explains: anti_ff5_core-1.6.ips
  0x012EE2: expected FE, found 54 (still-clean)  explains: anti_ff5_core-1.6.ips
  0x012EE3: expected A6, found 20 (still-clean)  explains: anti_ff5_core-1.6.ips
  0x012EE4: expected 82, found EA (still-clean)  explains: anti_ff5_core-1.6.ips
  0x012EE5: expected 86, found 2D (still-clean)  explains: anti_ff5_core-1.6.ips
  0x012EE6: expected 7E, found A9 (still-clean)  explains: anti_ff5_core-1.6.ips
  0x012EE7: expected A2, found 53 (still-clean)  explains: anti_ff5_core-1.6.ips
  0x012EE8: expected FC, found 20 (still-clean)  explains: anti_ff5_core-1.6.ips
  0x012EE9: expected 00, found EA (still-clean)  explains: anti_ff5_core-1.6.ips
  0x012EEA: expected 86, found 2D (still-clean)  explains: anti_ff5_core-1.6.ips
  0x012EEB: expected 80, found A9 (still-clean)  explains: anti_ff5_core-1.6.ips
  0x012EEC: expected 20, found 53 (still-clean)  explains: anti_ff5_core-1.6.ips
  0x012EED: expected E7, found 4C (still-clean)  explains: anti_ff5_core-1.6.ips
  0x012EEE: expected FD, found EA (still-clean)  explains: anti_ff5_core-1.6.ips
  0x012EEF: expected A6, found 2D (still-clean)  explains: anti_ff5_core-1.6.ips
  0x012EF0: expected 82, found A2 (still-clean)  explains: anti_ff5_core-1.6.ips
  0x012EF2: expected B4, found 0F (still-clean)  explains: anti_ff5_core-1.6.ips
  0x01B660: expected 38, found 7B (still-clean)
  0x01B661: expected A9, found AA (still-clean)
  0x01B662: expected 70, found 9D (still-clean)
  0x01B663: expected AA, found D8 (still-clean)
  0x01B664: expected 9E, found D1 (still-clean)
  0x01B665: expected D8, found E8 (still-clean)
  0x01B666: expected D1, found E0 (still-clean)
  0x01B667: expected 9E, found 00 (still-clean)
  0x01B668: expected 58, found 08 (still-clean)
  0x01B669: expected D2, found D0 (still-clean)
  0x01B66A: expected 9E, found F7 (still-clean)
  0x01B66B: expected D8, found 7B (still-clean)
  0x01B66C: expected D2, found AA (still-clean)
  0x01B66D: expected 9E, found 9D (still-clean)
  0x01B66E: expected 58, found D8 (still-clean)
  0x01B66F: expected D3, found D9 (still-clean)
  0x01B670: expected E9, found E8 (still-clean)
  0x01B671: expected 10, found E0 (still-clean)
  0x01B672: expected B0, found 60 (still-clean)
  0x01B673: expected EF, found 01 (still-clean)
  0x01B674: expected 60, found D0 (still-clean)
  0x01B675: expected EA, found F7 (still-clean)
  0x01B676: expected EA, found 60 (still-clean)
  0x01B677: expected EA, found 20 (still-clean)
  0x01B678: expected EA, found 60 (still-clean)
  0x01B679: expected EA, found B6 (still-clean)
  0x01B687: expected 36, found 47 (still-clean)
  0x01B688: expected B5, found 8D (still-clean)
  0x01B689: expected 4C, found 20 (still-clean)
  ... 1100 more mismatched bytes omitted

=== FFV inu patches (2008 - 2010)\base\ff5_ext-1.2.ips [PARTIAL, 12.3% of 610 informative bytes, delta 0] ===
  0x020570: expected 20, found 9C (still-clean)  explains: anti_ff5_ext-1.2.ips
  0x020571: expected 23, found 62 (still-clean)  explains: anti_ff5_ext-1.2.ips
  0x020572: expected 99, found 7C (still-clean)  explains: anti_ff5_ext-1.2.ips
  0x020574: expected 5F, found 23 (still-clean)  explains: anti_ff5_ext-1.2.ips
  0x020575: expected 17, found 99 (still-clean)  explains: anti_ff5_ext-1.2.ips
  0x020576: expected A6, found 20 (still-clean)  explains: anti_ff5_ext-1.2.ips
  0x020577: expected 32, found 5F (still-clean)  explains: anti_ff5_ext-1.2.ips
  0x020578: expected BD, found 17 (still-clean)  explains: anti_ff5_ext-1.2.ips
  0x020579: expected 56, found A6 (still-clean)  explains: anti_ff5_ext-1.2.ips
  0x02057A: expected 20, found 32 (still-clean)  explains: anti_ff5_ext-1.2.ips
  0x02057B: expected 29, found BD (still-clean)  explains: anti_ff5_ext-1.2.ips
  0x02057C: expected 10, found 56 (still-clean)  explains: anti_ff5_ext-1.2.ips
  0x02057D: expected F0, found 20 (still-clean)  explains: anti_ff5_ext-1.2.ips
  0x02057E: expected 03, found 29 (still-clean)  explains: anti_ff5_ext-1.2.ips
  0x02057F: expected 4C, found 10 (still-clean)  explains: anti_ff5_ext-1.2.ips
  0x020580: expected 32, found F0 (still-clean)  explains: anti_ff5_ext-1.2.ips
  0x020581: expected 06, found 03 (still-clean)  explains: anti_ff5_ext-1.2.ips
  0x020582: expected 9C, found 4C (still-clean)  explains: anti_ff5_ext-1.2.ips
  0x020583: expected 62, found 32 (still-clean)  explains: anti_ff5_ext-1.2.ips
  0x020584: expected 7C, found 06 (still-clean)  explains: anti_ff5_ext-1.2.ips
  0x020642: expected 09, found 0F (still-clean)  explains: anti_ff5_ext-1.2.ips
  0x020643: expected B9, found BD (still-clean)  explains: anti_ff5_ext-1.2.ips
  0x020644: expected 8B, found 13 (still-clean)  explains: anti_ff5_ext-1.2.ips
  0x020645: expected 40, found 20 (still-clean)  explains: anti_ff5_ext-1.2.ips
  0x020646: expected A8, found 9D (still-clean)  explains: anti_ff5_ext-1.2.ips
  0x020647: expected BD, found 5A (still-clean)  explains: anti_ff5_ext-1.2.ips
  0x020648: expected 13, found 20 (still-clean)  explains: anti_ff5_ext-1.2.ips
  0x020649: expected 20, found 8D (still-clean)  explains: anti_ff5_ext-1.2.ips
  0x02064A: expected 80, found 62 (still-clean)  explains: anti_ff5_ext-1.2.ips
  0x02064B: expected 14, found 7C (still-clean)  explains: anti_ff5_ext-1.2.ips
  0x02064C: expected E6, found AA (still-clean)  explains: anti_ff5_ext-1.2.ips
  0x02064D: expected 45, found B9 (still-clean)  explains: anti_ff5_ext-1.2.ips
  0x02064E: expected B9, found 8B (still-clean)  explains: anti_ff5_ext-1.2.ips
  0x02064F: expected 97, found 40 (still-clean)  explains: anti_ff5_ext-1.2.ips
  0x020650: expected 40, found 80 (still-clean)  explains: anti_ff5_ext-1.2.ips
  0x020651: expected A8, found 0F (still-clean)  explains: anti_ff5_ext-1.2.ips
  0x020652: expected BD, found E6 (still-clean)  explains: anti_ff5_ext-1.2.ips
  0x020653: expected 14, found 45 (still-clean)  explains: anti_ff5_ext-1.2.ips
  0x020654: expected 20, found BD (still-clean)  explains: anti_ff5_ext-1.2.ips
  0x020655: expected 80, found 14 (still-clean)  explains: anti_ff5_ext-1.2.ips
  0x020656: expected 09, found 20 (still-clean)  explains: anti_ff5_ext-1.2.ips
  0x020657: expected EA, found 9D (still-clean)  explains: anti_ff5_ext-1.2.ips
  0x020658: expected EA, found 5A (still-clean)  explains: anti_ff5_ext-1.2.ips
  0x020659: expected EA, found 20 (still-clean)  explains: anti_ff5_ext-1.2.ips
  0x02065A: expected EA, found 8D (still-clean)  explains: anti_ff5_ext-1.2.ips
  0x02065B: expected EA, found 62 (still-clean)  explains: anti_ff5_ext-1.2.ips
  0x02065C: expected EA, found 7C (still-clean)  explains: anti_ff5_ext-1.2.ips
  0x02065D: expected EA, found AA (still-clean)  explains: anti_ff5_ext-1.2.ips
  0x02065E: expected EA, found B9 (still-clean)  explains: anti_ff5_ext-1.2.ips
  0x02065F: expected EA, found 97 (still-clean)  explains: anti_ff5_ext-1.2.ips
  0x020660: expected 9D, found 40 (still-clean)  explains: anti_ff5_ext-1.2.ips
  0x020661: expected 5A, found 85 (still-clean)  explains: anti_ff5_ext-1.2.ips
  0x020662: expected 20, found 46 (still-clean)  explains: anti_ff5_ext-1.2.ips
  0x020663: expected 8D, found 29 (still-clean)  explains: anti_ff5_ext-1.2.ips
  0x020664: expected 62, found 7F (still-clean)  explains: anti_ff5_ext-1.2.ips
  0x020665: expected 7C, found 9B (still-clean)  explains: anti_ff5_ext-1.2.ips
  0x020666: expected EA, found 48 (still-clean)  explains: anti_ff5_ext-1.2.ips
  0x020667: expected EA, found 48 (still-clean)  explains: anti_ff5_ext-1.2.ips
  0x020668: expected EA, found AD (still-clean)  explains: anti_ff5_ext-1.2.ips
  0x020669: expected EA, found FA (still-clean)  explains: anti_ff5_ext-1.2.ips
  0x02066A: expected EA, found 79 (still-clean)  explains: anti_ff5_ext-1.2.ips
  0x02066B: expected 98, found AA (still-clean)  explains: anti_ff5_ext-1.2.ips
  0x02066C: expected 85, found 68 (still-clean)  explains: anti_ff5_ext-1.2.ips
  0x02066D: expected 46, found 9D (still-clean)  explains: anti_ff5_ext-1.2.ips
  ... 471 more mismatched bytes omitted

=== FFV inu patches (2008 - 2010)\bugfixes\ff5_berserk_jump.ips [PARTIAL, 79.6% of 49 informative bytes, delta 0] ===
  0x021FA6: expected 29, found 4A (conflict)  explains: ff5_berserk_command.ips, [5665]ff5_dbl_xp_gold_abp.zip::FFV Clean v195.ips
  0x021FA7: expected 01, found DA (conflict)  explains: ff5_berserk_command.ips, [5665]ff5_dbl_xp_gold_abp.zip::FFV Clean v195.ips
  0x021FA8: expected F0, found 9B (conflict)  explains: ff5_berserk_command.ips, [5665]ff5_dbl_xp_gold_abp.zip::FFV Clean v195.ips
  0x021FA9: expected 04, found 7B (conflict)  explains: ff5_berserk_command.ips, [5665]ff5_dbl_xp_gold_abp.zip::FFV Clean v195.ips
  0x021FAA: expected A9, found AA (conflict)  explains: ff5_berserk_command.ips, [5665]ff5_dbl_xp_gold_abp.zip::FFV Clean v195.ips
  0x021FAB: expected 26, found 22 (conflict)  explains: ff5_berserk_command.ips, [5665]ff5_dbl_xp_gold_abp.zip::FFV Clean v195.ips
  0x021FAC: expected 80, found FC (conflict)  explains: ff5_berserk_command.ips, [5665]ff5_dbl_xp_gold_abp.zip::FFV Clean v195.ips
  0x021FAD: expected 02, found FE (conflict)  explains: ff5_berserk_command.ips, [5665]ff5_dbl_xp_gold_abp.zip::FFV Clean v195.ips
  0x021FAE: expected A9, found C6 (conflict)  explains: ff5_berserk_command.ips, [5665]ff5_dbl_xp_gold_abp.zip::FFV Clean v195.ips
  0x021FAF: expected 05, found FA (conflict)  explains: ff5_berserk_command.ips, [5665]ff5_dbl_xp_gold_abp.zip::FFV Clean v195.ips

=== FFV inu patches (2008 - 2010)\bugfixes\ff5_butz_blue_mage_gfx.ips [PARTIAL, 77.0% of 61 informative bytes, delta 0] ===
  0x12508C: expected 2D, found 0D (conflict)  explains: Bugfixes.ips, Final Fantasy V Tweaks v2.7a.ips, Final Fantasy V (J) [T+Spa1.06f_noisecross][CRC32_4BADF779].ips
  0x12508D: expected 17, found 07 (conflict)  explains: Bugfixes.ips, Final Fantasy V Tweaks v2.7a.ips, Final Fantasy V (J) [T+Spa1.06f_noisecross][CRC32_4BADF779].ips
  0x12508E: expected 3F, found 0F (conflict)  explains: Bugfixes.ips, Final Fantasy V Tweaks v2.7a.ips, Final Fantasy V (J) [T+Spa1.06f_noisecross][CRC32_4BADF779].ips
  0x12509C: expected 13, found 03 (conflict)  explains: Bugfixes.ips, Final Fantasy V Tweaks v2.7a.ips, Final Fantasy V (J) [T+Spa1.06f_noisecross][CRC32_4BADF779].ips
  0x12509D: expected 14, found 04 (conflict)  explains: Bugfixes.ips, Final Fantasy V Tweaks v2.7a.ips, Final Fantasy V (J) [T+Spa1.06f_noisecross][CRC32_4BADF779].ips
  0x12509E: expected 10, found 00 (conflict)  explains: Bugfixes.ips, Final Fantasy V Tweaks v2.7a.ips, Final Fantasy V (J) [T+Spa1.06f_noisecross][CRC32_4BADF779].ips
  0x12509F: expected 10, found 00 (still-clean)  explains: Bugfixes.ips, Final Fantasy V Tweaks v2.7a.ips, Final Fantasy V (J) [T+Spa1.06f_noisecross][CRC32_4BADF779].ips
  0x1250A0: expected 7F, found 1F (conflict)  explains: Bugfixes.ips, Final Fantasy V Tweaks v2.7a.ips, Final Fantasy V (J) [T+Spa1.06f_noisecross][CRC32_4BADF779].ips
  0x1250A2: expected 7E, found 1E (conflict)  explains: Bugfixes.ips, Final Fantasy V Tweaks v2.7a.ips, Final Fantasy V (J) [T+Spa1.06f_noisecross][CRC32_4BADF779].ips
  0x1250AA: expected 37, found 77 (conflict)  explains: Bugfixes.ips, Final Fantasy V Tweaks v2.7a.ips, Final Fantasy V (J) [T+Spa1.06f_noisecross][CRC32_4BADF779].ips
  0x1250AC: expected 17, found 37 (conflict)  explains: Bugfixes.ips, Final Fantasy V Tweaks v2.7a.ips, Final Fantasy V (J) [T+Spa1.06f_noisecross][CRC32_4BADF779].ips
  0x1250AE: expected 09, found 19 (conflict)  explains: Bugfixes.ips, Final Fantasy V Tweaks v2.7a.ips, Final Fantasy V (J) [T+Spa1.06f_noisecross][CRC32_4BADF779].ips
  0x1250B2: expected 25, found 05 (conflict)  explains: Bugfixes.ips, Final Fantasy V Tweaks v2.7a.ips, Final Fantasy V (J) [T+Spa1.06f_noisecross][CRC32_4BADF779].ips
  0x1250B3: expected 2D, found 0D (conflict)  explains: Bugfixes.ips, Final Fantasy V Tweaks v2.7a.ips, Final Fantasy V (J) [T+Spa1.06f_noisecross][CRC32_4BADF779].ips

=== FFV inu patches (2008 - 2010)\bugfixes\ff5_reequip.ips [APPLIED, 99.5% of 440 informative bytes, delta 0] ===
  0x00FA95: expected 76, found 41 (conflict)
  0x03B6CE: expected 87, found 19 (still-clean)

=== FFV inu patches (2008 - 2010)\improve\ff5_dash_gba.ips [PARTIAL, 15.8% of 38 informative bytes, delta 0] ===
  0x001252: expected 1C, found 27 (conflict)  explains: PS1_Dash.ips, ff5_dash_ps.ips, [5665]ff5_dbl_xp_gold_abp.zip::FFV Clean v195.ips
  0x001253: expected A4, found 06 (conflict)  explains: PS1_Dash.ips, ff5_dash_ps.ips, [5665]ff5_dbl_xp_gold_abp.zip::FFV Clean v195.ips
  0x001254: expected 06, found C0 (conflict)  explains: PS1_Dash.ips, ff5_dash_ps.ips, [5665]ff5_dbl_xp_gold_abp.zip::FFV Clean v195.ips
  0x001255: expected B9, found E0 (conflict)  explains: PS1_Dash.ips, ff5_dash_ps.ips, [5665]ff5_dbl_xp_gold_abp.zip::FFV Clean v195.ips
  0x001256: expected 00, found 02 (conflict)  explains: PS1_Dash.ips, ff5_dash_ps.ips, [5665]ff5_dbl_xp_gold_abp.zip::FFV Clean v195.ips
  0x001257: expected 05, found 00 (conflict)  explains: PS1_Dash.ips, ff5_dash_ps.ips, [5665]ff5_dbl_xp_gold_abp.zip::FFV Clean v195.ips
  0x001258: expected 29, found B0 (conflict)  explains: PS1_Dash.ips, ff5_dash_ps.ips, [5665]ff5_dbl_xp_gold_abp.zip::FFV Clean v195.ips
  0x001259: expected 40, found 20 (conflict)  explains: PS1_Dash.ips, ff5_dash_ps.ips, [5665]ff5_dbl_xp_gold_abp.zip::FFV Clean v195.ips
  0x00125A: expected D0, found A4 (conflict)  explains: PS1_Dash.ips, ff5_dash_ps.ips, [5665]ff5_dbl_xp_gold_abp.zip::FFV Clean v195.ips
  0x00125B: expected 07, found 06 (conflict)  explains: PS1_Dash.ips, ff5_dash_ps.ips, [5665]ff5_dbl_xp_gold_abp.zip::FFV Clean v195.ips
  0x00125D: expected 20, found 00 (conflict)  explains: PS1_Dash.ips, ff5_dash_ps.ips, [5665]ff5_dbl_xp_gold_abp.zip::FFV Clean v195.ips
  0x001260: expected 08, found 40 (conflict)  explains: PS1_Dash.ips, ff5_dash_ps.ips, [5665]ff5_dbl_xp_gold_abp.zip::FFV Clean v195.ips
  0x001262: expected 0A, found 07 (conflict)  explains: PS1_Dash.ips, ff5_dash_ps.ips, [5665]ff5_dbl_xp_gold_abp.zip::FFV Clean v195.ips
  0x001263: expected 20, found B9 (conflict)  explains: PS1_Dash.ips, ff5_dash_ps.ips, [5665]ff5_dbl_xp_gold_abp.zip::FFV Clean v195.ips
  0x001264: expected 9D, found 20 (conflict)  explains: PS1_Dash.ips, ff5_dash_ps.ips, [5665]ff5_dbl_xp_gold_abp.zip::FFV Clean v195.ips
  0x001265: expected C1, found 05 (conflict)  explains: PS1_Dash.ips, ff5_dash_ps.ips, [5665]ff5_dbl_xp_gold_abp.zip::FFV Clean v195.ips
  0x001266: expected C0, found 29 (conflict)  explains: PS1_Dash.ips, ff5_dash_ps.ips, [5665]ff5_dbl_xp_gold_abp.zip::FFV Clean v195.ips
  0x001267: expected 40, found 08 (conflict)  explains: PS1_Dash.ips, ff5_dash_ps.ips, [5665]ff5_dbl_xp_gold_abp.zip::FFV Clean v195.ips
  0x001268: expected 01, found D0 (conflict)  explains: PS1_Dash.ips, ff5_dash_ps.ips, [5665]ff5_dbl_xp_gold_abp.zip::FFV Clean v195.ips
  0x001269: expected D0, found 0E (conflict)  explains: PS1_Dash.ips, ff5_dash_ps.ips, [5665]ff5_dbl_xp_gold_abp.zip::FFV Clean v195.ips
  0x00126A: expected EA, found 20 (conflict)  explains: PS1_Dash.ips, ff5_dash_ps.ips, [5665]ff5_dbl_xp_gold_abp.zip::FFV Clean v195.ips
  0x00126B: expected 80, found 9D (conflict)  explains: PS1_Dash.ips, ff5_dash_ps.ips, [5665]ff5_dbl_xp_gold_abp.zip::FFV Clean v195.ips
  0x00126C: expected 02, found C1 (conflict)  explains: PS1_Dash.ips, ff5_dash_ps.ips, [5665]ff5_dbl_xp_gold_abp.zip::FFV Clean v195.ips
  0x00126D: expected 06, found C0 (conflict)  explains: PS1_Dash.ips, ff5_dash_ps.ips, [5665]ff5_dbl_xp_gold_abp.zip::FFV Clean v195.ips
  0x00126E: expected C0, found 40 (conflict)  explains: PS1_Dash.ips, ff5_dash_ps.ips, [5665]ff5_dbl_xp_gold_abp.zip::FFV Clean v195.ips
  0x00126F: expected E0, found 01 (conflict)  explains: PS1_Dash.ips, ff5_dash_ps.ips, [5665]ff5_dbl_xp_gold_abp.zip::FFV Clean v195.ips
  0x001270: expected 02, found D0 (conflict)  explains: PS1_Dash.ips, ff5_dash_ps.ips, [5665]ff5_dbl_xp_gold_abp.zip::FFV Clean v195.ips
  0x001271: expected 00, found EA (conflict)  explains: PS1_Dash.ips, ff5_dash_ps.ips, [5665]ff5_dbl_xp_gold_abp.zip::FFV Clean v195.ips
  0x001272: expected B0, found 80 (conflict)  explains: PS1_Dash.ips, ff5_dash_ps.ips, [5665]ff5_dbl_xp_gold_abp.zip::FFV Clean v195.ips
  0x001274: expected A5, found EA (conflict)  explains: PS1_Dash.ips, ff5_dash_ps.ips, [5665]ff5_dbl_xp_gold_abp.zip::FFV Clean v195.ips
  0x001275: expected 57, found EA (conflict)  explains: PS1_Dash.ips, ff5_dash_ps.ips, [5665]ff5_dbl_xp_gold_abp.zip::FFV Clean v195.ips
  0x001276: expected D0, found EA (conflict)  explains: PS1_Dash.ips, ff5_dash_ps.ips, [5665]ff5_dbl_xp_gold_abp.zip::FFV Clean v195.ips

=== FFV inu patches (2008 - 2010)\improve\ff5_font_punctuation --- try this asap.ips [PARTIAL, 48.7% of 150 informative bytes, delta -512] ===
  0x11F212: expected B7, found FF (conflict)  explains: Final Fantasy V Tweaks v2.7a.ips, PS1 Font.ips, FF5Clean Castlevania3 Font (xJ4cks & sleepyren).ips
  0x11F213: expected 6C, found 66 (conflict)  explains: FF5Clean Castlevania3 Font (xJ4cks & sleepyren).ips
  0x11F214: expected DB, found FF (conflict)  explains: Final Fantasy V Tweaks v2.7a.ips, PS1 Font.ips, FF5Clean Castlevania3 Font (xJ4cks & sleepyren).ips
  0x11F215: expected 6C, found 66 (conflict)  explains: FF5Clean Castlevania3 Font (xJ4cks & sleepyren).ips
  0x11F217: expected 48, found 7C (conflict)
  0x11F219: expected 00, found 66 (conflict)
  0x11F21B: expected 00, found 66 (conflict)  explains: FF5Clean Castlevania3 Font (xJ4cks & sleepyren).ips
  0x11F21D: expected 00, found FC (conflict)  explains: PS1 Font.ips, Final Fantasy V (J) [T+Spa1.06f_noisecross][CRC32_4BADF779].ips
  0x11F223: expected 60, found 66 (conflict)  explains: Final Fantasy V (J) [T+Spa1.06f_noisecross][CRC32_4BADF779].ips
  0x11F225: expected 20, found C0 (conflict)  explains: PS1 Font.ips, Final Fantasy V (J) [T+Spa1.06f_noisecross][CRC32_4BADF779].ips
  0x11F227: expected 40, found C0 (still-clean)  explains: Final Fantasy V - GBA Script Port.ips, PS1 Font.ips, Final Fantasy V (J) [T+Spa1.06f_noisecross][CRC32_4BADF779].ips
  0x11F229: expected 00, found C0 (still-clean)  explains: Final Fantasy V - GBA Script Port.ips, PS1 Font.ips, Final Fantasy V (J) [T+Spa1.06f_noisecross][CRC32_4BADF779].ips
  0x11F22B: expected 00, found 66 (conflict)  explains: Final Fantasy V (J) [T+Spa1.06f_noisecross][CRC32_4BADF779].ips
  0x11F22D: expected 00, found 3C (conflict)  explains: GBA Font.ips, Final Fantasy V (J) [T+Spa1.06f_noisecross][CRC32_4BADF779].ips
  0x11F233: expected 00, found 6C (conflict)
  0x11F235: expected 00, found 66 (conflict)
  0x11F237: expected 00, found 66 (conflict)  explains: FF5Clean Castlevania3 Font (xJ4cks & sleepyren).ips
  0x11F239: expected 00, found 66 (conflict)  explains: FF5Clean Castlevania3 Font (xJ4cks & sleepyren).ips
  0x11F23B: expected 00, found 6C (conflict)
  0x11F23D: expected 60, found F8 (conflict)
  0x11F23F: expected 60, found 00 (conflict)  explains: Final Fantasy V Tweaks v2.7a.ips, PS1 Font.ips, Final Fantasy V (J) [T+Spa1.06f_noisecross][CRC32_4BADF779].ips
  0x11F243: expected 00, found 62 (conflict)  explains: FF5Clean Castlevania3 Font (xJ4cks & sleepyren).ips
  0x11F245: expected 00, found 68 (conflict)
  0x11F247: expected 00, found 78 (conflict)  explains: FF5Clean Castlevania3 Font (xJ4cks & sleepyren).ips
  0x11F249: expected 00, found 68 (conflict)
  0x11F24B: expected 60, found 62 (conflict)  explains: FF5Clean Castlevania3 Font (xJ4cks & sleepyren).ips
  0x11F24D: expected 20, found FE (conflict)  explains: PS1 Font.ips, Final Fantasy V (J) [T+Spa1.06f_noisecross][CRC32_4BADF779].ips
  0x11F24F: expected 40, found 00 (conflict)  explains: Final Fantasy V Tweaks v2.7a.ips, PS1 Font.ips, Final Fantasy V (J) [T+Spa1.06f_noisecross][CRC32_4BADF779].ips
  0x11F253: expected 00, found 62 (conflict)  explains: FF5Clean Castlevania3 Font (xJ4cks & sleepyren).ips
  0x11F255: expected 00, found 68 (conflict)
  0x11F257: expected 00, found 78 (conflict)  explains: FF5Clean Castlevania3 Font (xJ4cks & sleepyren).ips
  0x11F259: expected 00, found 68 (conflict)
  0x11F25B: expected 00, found 60 (conflict)  explains: Final Fantasy V Tweaks v2.7a.ips, FF5Clean Castlevania3 Font (xJ4cks & sleepyren).ips
  0x11F25D: expected 00, found F0 (conflict)
  0x11F25F: expected 54, found 00 (conflict)  explains: Final Fantasy V Tweaks v2.7a.ips, PS1 Font.ips, Final Fantasy V (J) [T+Spa1.06f_noisecross][CRC32_4BADF779].ips
  0x11F263: expected 00, found 66 (conflict)
  0x11F265: expected 30, found C2 (still-clean)  explains: Final Fantasy V - GBA Script Port.ips, [5665]ff5_dbl_xp_gold_abp.zip::FFV Clean v195.ips, Final Fantasy V-Pixel Freemaster (v4.85 by Nintenja and Various authors).7z::Final Fantasy V-Pixel Freemaster (All Jobs Unlocked not included & No 2x abp,gil,xp).ips
  0x11F267: expected 30, found C0 (still-clean)  explains: Final Fantasy V - GBA Script Port.ips, [5665]ff5_dbl_xp_gold_abp.zip::FFV Clean v195.ips, Final Fantasy V-Pixel Freemaster (v4.85 by Nintenja and Various authors).7z::Final Fantasy V-Pixel Freemaster (All Jobs Unlocked not included & No 2x abp,gil,xp).ips
  0x11F269: expected 00, found CE (conflict)
  0x11F26B: expected 30, found 66 (conflict)
  0x11F26D: expected 10, found 3E (conflict)  explains: Final Fantasy V Tweaks v2.7a.ips
  0x11F26F: expected 20, found 00 (conflict)  explains: Final Fantasy V Tweaks v2.7a.ips, PS1 Font.ips, Final Fantasy V (J) [T+Spa1.06f_noisecross][CRC32_4BADF779].ips
  0x11F273: expected 08, found 66 (conflict)  explains: FF5Clean Castlevania3 Font (xJ4cks & sleepyren).ips
  0x11F275: expected 28, found 66 (conflict)  explains: FF5Clean Castlevania3 Font (xJ4cks & sleepyren).ips
  0x11F277: expected 7C, found 7E (conflict)
  0x11F279: expected 28, found 66 (conflict)  explains: FF5Clean Castlevania3 Font (xJ4cks & sleepyren).ips
  0x11F27B: expected 7C, found 66 (conflict)  explains: FF5Clean Castlevania3 Font (xJ4cks & sleepyren).ips
  0x11F27D: expected 28, found 66 (conflict)
  0x11F27F: expected 20, found 00 (conflict)  explains: Final Fantasy V Tweaks v2.7a.ips, PS1 Font.ips, Final Fantasy V (J) [T+Spa1.06f_noisecross][CRC32_4BADF779].ips
  0x11F283: expected 0C, found 18 (conflict)  explains: GBA Font.ips, PS1 Font.ips, Final Fantasy V (J) [T+Spa1.06f_noisecross][CRC32_4BADF779].ips
  0x11F284: expected F7, found FF (conflict)  explains: Final Fantasy V Tweaks v2.7a.ips, PS1 Font.ips
  0x11F287: expected 30, found 18 (still-clean)  explains: Final Fantasy V - GBA Script Port.ips, GBA Font.ips, PS1 Font.ips
  0x11F289: expected 30, found 18 (still-clean)  explains: Final Fantasy V - GBA Script Port.ips, GBA Font.ips, PS1 Font.ips
  0x11F28B: expected 30, found 18 (still-clean)  explains: Final Fantasy V - GBA Script Port.ips, GBA Font.ips, PS1 Font.ips
  0x11F28C: expected F7, found FF (conflict)  explains: Final Fantasy V Tweaks v2.7a.ips, PS1 Font.ips
  0x11F28F: expected 0C, found 00 (conflict)  explains: Final Fantasy V Tweaks v2.7a.ips, PS1 Font.ips, Final Fantasy V (J) [T+Spa1.06f_noisecross][CRC32_4BADF779].ips
  0x11F293: expected 60, found 0C (conflict)  explains: GBA Font.ips, PS1 Font.ips, Final Fantasy V (J) [T+Spa1.06f_noisecross][CRC32_4BADF779].ips
  0x11F294: expected DF, found FF (conflict)  explains: Final Fantasy V Tweaks v2.7a.ips, PS1 Font.ips
  0x11F295: expected 30, found 0C (still-clean)  explains: Final Fantasy V - GBA Script Port.ips, GBA Font.ips, PS1 Font.ips
  0x11F297: expected 18, found 0C (still-clean)  explains: Final Fantasy V - GBA Script Port.ips, GBA Font.ips, PS1 Font.ips
  0x11F299: expected 18, found CC (conflict)
  0x11F29B: expected 18, found CC (conflict)  explains: Final Fantasy V (J) [T+Spa1.06f_noisecross][CRC32_4BADF779].ips
  0x11F29C: expected DF, found FF (conflict)  explains: Final Fantasy V Tweaks v2.7a.ips, PS1 Font.ips, FF5Clean Castlevania3 Font (xJ4cks & sleepyren).ips
  0x11F29D: expected 30, found 78 (conflict)  explains: PS1 Font.ips, Final Fantasy V (J) [T+Spa1.06f_noisecross][CRC32_4BADF779].ips
  ... 13 more mismatched bytes omitted

=== FFV inu patches (2008 - 2010)\improve\ff5_kiss_of_blessing.ips [PARTIAL, 51.6% of 31 informative bytes, delta 0] ===
  0x02904B: expected 10, found 18 (conflict)
  0x02904C: expected D0, found F0 (conflict)
  0x02904D: expected 0C, found 5A (conflict)
  0x02904E: expected A5, found 20 (conflict)
  0x02904F: expected 59, found 8D (conflict)
  0x029050: expected 29, found 8D (conflict)
  0x029051: expected 08, found 29 (conflict)
  0x029052: expected D0, found 18 (conflict)
  0x029053: expected 06, found F0 (conflict)
  0x029054: expected 80, found 03 (conflict)
  0x029055: expected 49, found 4C (conflict)
  0x029056: expected EA, found CA (conflict)
  0x029057: expected EA, found 90 (conflict)
  0x029058: expected EA, found BD (conflict)
  0x029059: expected EA, found 1D (conflict)

=== FFV inu patches (2008 - 2010)\improve\ff5_sort.ips [APPLIED, 98.1% of 154 informative bytes, delta 0] ===
  0x02E019: expected 96, found C0 (conflict)  explains: Final Fantasy V Tweaks v2.7a.ips, [5665]ff5_dbl_xp_gold_abp.zip::FFV Clean v195.ips, Final Fantasy V-Pixel Freemaster (v4.85 by Nintenja and Various authors).7z::Final Fantasy V-Pixel Freemaster (All Jobs Unlocked not included & No 2x abp,gil,xp).ips
  0x02E01A: expected E0, found BA (conflict)  explains: Final Fantasy V Tweaks v2.7a.ips, [5665]ff5_dbl_xp_gold_abp.zip::FFV Clean v195.ips, Final Fantasy V-Pixel Freemaster (v4.85 by Nintenja and Various authors).7z::Final Fantasy V-Pixel Freemaster (All Jobs Unlocked not included & No 2x abp,gil,xp).ips
  0x02E01B: expected C2, found C3 (conflict)  explains: Final Fantasy V Tweaks v2.7a.ips, [5665]ff5_dbl_xp_gold_abp.zip::FFV Clean v195.ips, Final Fantasy V-Pixel Freemaster (v4.85 by Nintenja and Various authors).7z::Final Fantasy V-Pixel Freemaster (All Jobs Unlocked not included & No 2x abp,gil,xp).ips

=== FFV inu patches (2008 - 2010)\improve\ff5_sortplus.ips [PARTIAL, 10.8% of 166 informative bytes, delta 0] ===
  0x02E018: expected A9, found BF (conflict)  explains: Final Fantasy V Tweaks v2.7a.ips, ff5_sort.ips, [5665]ff5_dbl_xp_gold_abp.zip::FFV Clean v195.ips
  0x02E019: expected 08, found C0 (conflict)  explains: Final Fantasy V Tweaks v2.7a.ips, [5665]ff5_dbl_xp_gold_abp.zip::FFV Clean v195.ips, Final Fantasy V-Pixel Freemaster (v4.85 by Nintenja and Various authors).7z::Final Fantasy V-Pixel Freemaster (All Jobs Unlocked not included & No 2x abp,gil,xp).ips
  0x02E01A: expected 85, found BA (conflict)  explains: Final Fantasy V Tweaks v2.7a.ips, [5665]ff5_dbl_xp_gold_abp.zip::FFV Clean v195.ips, Final Fantasy V-Pixel Freemaster (v4.85 by Nintenja and Various authors).7z::Final Fantasy V-Pixel Freemaster (All Jobs Unlocked not included & No 2x abp,gil,xp).ips
  0x02E01B: expected 93, found C3 (conflict)  explains: Final Fantasy V Tweaks v2.7a.ips, [5665]ff5_dbl_xp_gold_abp.zip::FFV Clean v195.ips, Final Fantasy V-Pixel Freemaster (v4.85 by Nintenja and Various authors).7z::Final Fantasy V-Pixel Freemaster (All Jobs Unlocked not included & No 2x abp,gil,xp).ips
  0x02E01C: expected BF, found F0 (conflict)  explains: Final Fantasy V Tweaks v2.7a.ips, ff5_sort.ips, [5665]ff5_dbl_xp_gold_abp.zip::FFV Clean v195.ips
  0x02E01D: expected 80, found 5B (conflict)  explains: Final Fantasy V Tweaks v2.7a.ips, ff5_sort.ips, [5665]ff5_dbl_xp_gold_abp.zip::FFV Clean v195.ips
  0x02E01E: expected FF, found DA (conflict)  explains: Final Fantasy V Tweaks v2.7a.ips, ff5_sort.ips, [5665]ff5_dbl_xp_gold_abp.zip::FFV Clean v195.ips
  0x02E01F: expected C6, found 85 (conflict)  explains: Final Fantasy V Tweaks v2.7a.ips, ff5_sort.ips, [5665]ff5_dbl_xp_gold_abp.zip::FFV Clean v195.ips
  0x02E020: expected F0, found E0 (conflict)  explains: Final Fantasy V Tweaks v2.7a.ips, ff5_sort.ips, [5665]ff5_dbl_xp_gold_abp.zip::FFV Clean v195.ips
  0x02E021: expected 66, found A6 (conflict)  explains: Final Fantasy V Tweaks v2.7a.ips, ff5_sort.ips, [5665]ff5_dbl_xp_gold_abp.zip::FFV Clean v195.ips
  0x02E022: expected DA, found 8E (conflict)  explains: Final Fantasy V Tweaks v2.7a.ips, ff5_sort.ips, [5665]ff5_dbl_xp_gold_abp.zip::FFV Clean v195.ips
  0x02E023: expected 85, found BD (conflict)  explains: Final Fantasy V Tweaks v2.7a.ips, ff5_sort.ips, [5665]ff5_dbl_xp_gold_abp.zip::FFV Clean v195.ips
  0x02E024: expected E0, found 40 (conflict)  explains: Final Fantasy V Tweaks v2.7a.ips, ff5_sort.ips, [5665]ff5_dbl_xp_gold_abp.zip::FFV Clean v195.ips
  0x02E025: expected A6, found 06 (conflict)  explains: Final Fantasy V Tweaks v2.7a.ips, ff5_sort.ips, [5665]ff5_dbl_xp_gold_abp.zip::FFV Clean v195.ips
  0x02E026: expected 8E, found F0 (conflict)  explains: Final Fantasy V Tweaks v2.7a.ips, ff5_sort.ips, [5665]ff5_dbl_xp_gold_abp.zip::FFV Clean v195.ips
  0x02E027: expected A5, found 47 (conflict)  explains: Final Fantasy V Tweaks v2.7a.ips, ff5_sort.ips, [5665]ff5_dbl_xp_gold_abp.zip::FFV Clean v195.ips
  0x02E028: expected 93, found C9 (conflict)  explains: Final Fantasy V Tweaks v2.7a.ips, ff5_sort.ips, [5665]ff5_dbl_xp_gold_abp.zip::FFV Clean v195.ips
  0x02E029: expected D0, found 01 (conflict)  explains: Final Fantasy V Tweaks v2.7a.ips, ff5_sort.ips, [5665]ff5_dbl_xp_gold_abp.zip::FFV Clean v195.ips
  0x02E02A: expected 3B, found F0 (conflict)  explains: Final Fantasy V Tweaks v2.7a.ips, ff5_sort.ips, [5665]ff5_dbl_xp_gold_abp.zip::FFV Clean v195.ips
  0x02E02B: expected BD, found 43 (conflict)  explains: Final Fantasy V Tweaks v2.7a.ips, ff5_sort.ips, [5665]ff5_dbl_xp_gold_abp.zip::FFV Clean v195.ips
  0x02E02C: expected 40, found C9 (conflict)  explains: Final Fantasy V Tweaks v2.7a.ips, ff5_sort.ips, [5665]ff5_dbl_xp_gold_abp.zip::FFV Clean v195.ips
  0x02E02D: expected 06, found 80 (still-clean)  explains: Final Fantasy V Tweaks v2.7a.ips, ff5_sort.ips, anti_ff5_sort.ips
  0x02E02F: expected 4E, found 3F (conflict)  explains: Final Fantasy V Tweaks v2.7a.ips, ff5_sort.ips, [5665]ff5_dbl_xp_gold_abp.zip::FFV Clean v195.ips
  0x02E031: expected 01, found E0 (conflict)  explains: Final Fantasy V Tweaks v2.7a.ips, ff5_sort.ips, [5665]ff5_dbl_xp_gold_abp.zip::FFV Clean v195.ips
  0x02E032: expected F0, found 90 (conflict)  explains: Final Fantasy V Tweaks v2.7a.ips, ff5_sort.ips, [5665]ff5_dbl_xp_gold_abp.zip::FFV Clean v195.ips
  0x02E033: expected 4A, found 04 (conflict)  explains: Final Fantasy V Tweaks v2.7a.ips, ff5_sort.ips, [5665]ff5_dbl_xp_gold_abp.zip::FFV Clean v195.ips
  0x02E034: expected C9, found A9 (conflict)  explains: Final Fantasy V Tweaks v2.7a.ips, ff5_sort.ips, [5665]ff5_dbl_xp_gold_abp.zip::FFV Clean v195.ips
  0x02E035: expected 80, found FD (conflict)  explains: Final Fantasy V Tweaks v2.7a.ips, ff5_sort.ips, [5665]ff5_dbl_xp_gold_abp.zip::FFV Clean v195.ips
  0x02E036: expected F0, found 80 (conflict)  explains: Final Fantasy V Tweaks v2.7a.ips, ff5_sort.ips, [5665]ff5_dbl_xp_gold_abp.zip::FFV Clean v195.ips
  0x02E037: expected 46, found 15 (conflict)  explains: Final Fantasy V Tweaks v2.7a.ips, ff5_sort.ips, [5665]ff5_dbl_xp_gold_abp.zip::FFV Clean v195.ips
  0x02E038: expected C9, found DA (conflict)  explains: Final Fantasy V Tweaks v2.7a.ips, ff5_sort.ips, [5665]ff5_dbl_xp_gold_abp.zip::FFV Clean v195.ips
  0x02E039: expected E0, found C2 (conflict)  explains: Final Fantasy V Tweaks v2.7a.ips, ff5_sort.ips, [5665]ff5_dbl_xp_gold_abp.zip::FFV Clean v195.ips
  0x02E03A: expected 90, found 20 (conflict)  explains: Final Fantasy V Tweaks v2.7a.ips, ff5_sort.ips, [5665]ff5_dbl_xp_gold_abp.zip::FFV Clean v195.ips
  0x02E03B: expected 04, found 29 (conflict)  explains: Final Fantasy V Tweaks v2.7a.ips, ff5_sort.ips, [5665]ff5_dbl_xp_gold_abp.zip::FFV Clean v195.ips
  0x02E03C: expected A9, found FF (still-clean)  explains: Final Fantasy V Tweaks v2.7a.ips, ff5_sort.ips, anti_ff5_sort.ips
  0x02E03D: expected FD, found 00 (conflict)  explains: Final Fantasy V Tweaks v2.7a.ips, ff5_sort.ips, [5665]ff5_dbl_xp_gold_abp.zip::FFV Clean v195.ips
  0x02E03E: expected 80, found 85 (conflict)  explains: Final Fantasy V Tweaks v2.7a.ips, ff5_sort.ips, [5665]ff5_dbl_xp_gold_abp.zip::FFV Clean v195.ips
  0x02E03F: expected 15, found E2 (conflict)  explains: Final Fantasy V Tweaks v2.7a.ips, ff5_sort.ips, [5665]ff5_dbl_xp_gold_abp.zip::FFV Clean v195.ips
  0x02E040: expected DA, found 0A (conflict)  explains: Final Fantasy V Tweaks v2.7a.ips, ff5_sort.ips, [5665]ff5_dbl_xp_gold_abp.zip::FFV Clean v195.ips
  0x02E041: expected C2, found 0A (conflict)  explains: Final Fantasy V Tweaks v2.7a.ips, ff5_sort.ips, [5665]ff5_dbl_xp_gold_abp.zip::FFV Clean v195.ips
  0x02E042: expected 20, found 0A (conflict)  explains: Final Fantasy V Tweaks v2.7a.ips, ff5_sort.ips, [5665]ff5_dbl_xp_gold_abp.zip::FFV Clean v195.ips
  0x02E043: expected 29, found 65 (conflict)  explains: Final Fantasy V Tweaks v2.7a.ips, ff5_sort.ips, [5665]ff5_dbl_xp_gold_abp.zip::FFV Clean v195.ips
  0x02E044: expected FF, found E2 (conflict)  explains: Final Fantasy V Tweaks v2.7a.ips, ff5_sort.ips, [5665]ff5_dbl_xp_gold_abp.zip::FFV Clean v195.ips
  0x02E045: expected 00, found AA (conflict)  explains: Final Fantasy V Tweaks v2.7a.ips, ff5_sort.ips, [5665]ff5_dbl_xp_gold_abp.zip::FFV Clean v195.ips
  0x02E046: expected 85, found E2 (conflict)  explains: Final Fantasy V Tweaks v2.7a.ips, ff5_sort.ips, [5665]ff5_dbl_xp_gold_abp.zip::FFV Clean v195.ips
  0x02E047: expected E2, found 20 (conflict)  explains: Final Fantasy V Tweaks v2.7a.ips, ff5_sort.ips, [5665]ff5_dbl_xp_gold_abp.zip::FFV Clean v195.ips
  0x02E048: expected 0A, found BF (conflict)  explains: Final Fantasy V Tweaks v2.7a.ips, ff5_sort.ips, [5665]ff5_dbl_xp_gold_abp.zip::FFV Clean v195.ips
  0x02E049: expected 0A, found 80 (conflict)  explains: Final Fantasy V Tweaks v2.7a.ips, ff5_sort.ips, [5665]ff5_dbl_xp_gold_abp.zip::FFV Clean v195.ips
  0x02E04A: expected 0A, found 13 (conflict)  explains: Final Fantasy V Tweaks v2.7a.ips, ff5_sort.ips, [5665]ff5_dbl_xp_gold_abp.zip::FFV Clean v195.ips
  0x02E04B: expected 65, found D1 (conflict)  explains: Final Fantasy V Tweaks v2.7a.ips, ff5_sort.ips, [5665]ff5_dbl_xp_gold_abp.zip::FFV Clean v195.ips
  0x02E04C: expected E2, found FA (conflict)  explains: Final Fantasy V Tweaks v2.7a.ips, ff5_sort.ips, [5665]ff5_dbl_xp_gold_abp.zip::FFV Clean v195.ips
  0x02E04D: expected AA, found C5 (conflict)  explains: Final Fantasy V Tweaks v2.7a.ips, ff5_sort.ips, [5665]ff5_dbl_xp_gold_abp.zip::FFV Clean v195.ips
  0x02E04E: expected E2, found E0 (conflict)  explains: Final Fantasy V Tweaks v2.7a.ips, ff5_sort.ips, [5665]ff5_dbl_xp_gold_abp.zip::FFV Clean v195.ips
  0x02E04F: expected 20, found D0 (conflict)  explains: Final Fantasy V Tweaks v2.7a.ips, ff5_sort.ips, [5665]ff5_dbl_xp_gold_abp.zip::FFV Clean v195.ips
  0x02E050: expected BF, found 1E (conflict)  explains: Final Fantasy V Tweaks v2.7a.ips, ff5_sort.ips, [5665]ff5_dbl_xp_gold_abp.zip::FFV Clean v195.ips
  0x02E051: expected 80, found BD (conflict)  explains: Final Fantasy V Tweaks v2.7a.ips, ff5_sort.ips, [5665]ff5_dbl_xp_gold_abp.zip::FFV Clean v195.ips
  0x02E052: expected 13, found 40 (conflict)  explains: Final Fantasy V Tweaks v2.7a.ips, ff5_sort.ips, [5665]ff5_dbl_xp_gold_abp.zip::FFV Clean v195.ips
  0x02E053: expected D1, found 07 (conflict)  explains: Final Fantasy V Tweaks v2.7a.ips, ff5_sort.ips, [5665]ff5_dbl_xp_gold_abp.zip::FFV Clean v195.ips
  0x02E054: expected FA, found F0 (conflict)  explains: Final Fantasy V Tweaks v2.7a.ips, ff5_sort.ips, [5665]ff5_dbl_xp_gold_abp.zip::FFV Clean v195.ips
  0x02E055: expected C5, found 19 (conflict)  explains: Final Fantasy V Tweaks v2.7a.ips, ff5_sort.ips, [5665]ff5_dbl_xp_gold_abp.zip::FFV Clean v195.ips
  0x02E056: expected E0, found C9 (conflict)  explains: Final Fantasy V Tweaks v2.7a.ips, ff5_sort.ips, [5665]ff5_dbl_xp_gold_abp.zip::FFV Clean v195.ips
  0x02E057: expected D0, found 64 (conflict)  explains: Final Fantasy V Tweaks v2.7a.ips, ff5_sort.ips, [5665]ff5_dbl_xp_gold_abp.zip::FFV Clean v195.ips
  0x02E058: expected 25, found 90 (conflict)  explains: Final Fantasy V Tweaks v2.7a.ips, ff5_sort.ips, [5665]ff5_dbl_xp_gold_abp.zip::FFV Clean v195.ips
  0x02E059: expected BD, found 02 (conflict)  explains: Final Fantasy V Tweaks v2.7a.ips, ff5_sort.ips, [5665]ff5_dbl_xp_gold_abp.zip::FFV Clean v195.ips
  ... 84 more mismatched bytes omitted

=== mine\Cleaner Font for FFV+FF5r.ips [PARTIAL, 74.6% of 2896 informative bytes, delta 0] ===
  0x03EFCC: expected FC, found 88 (conflict)
  0x03EFCD: expected EC, found 88 (conflict)
  0x03F2FF: expected 48, found 20 (conflict)
  0x03F300: expected 30, found 20 (conflict)
  0x03F317: expected 6D, found A8 (conflict)
  0x03F318: expected 3F, found 50 (conflict)
  0x03F56F: expected 48, found 20 (conflict)
  0x03F570: expected 30, found 20 (conflict)  explains: Final Fantasy V - GBA Script Port.ips, Final Fantasy V-Pixel Freemaster (v4.85 by Nintenja and Various authors).7z::Final Fantasy V-Pixel Freemaster (All Jobs Unlocked not included & No 2x abp,gil,xp).ips, Final Fantasy V-Pixel Freemaster (v4.85 by Nintenja and Various authors).7z::Final Fantasy V-Pixel Freemaster (All Jobs Unlocked not included + 2x abp,gil,xp).ips
  0x03F587: expected 6D, found 50 (conflict)
  0x03F588: expected 3F, found 50 (conflict)  explains: Final Fantasy V - GBA Script Port.ips, Final Fantasy V-Pixel Freemaster (v4.85 by Nintenja and Various authors).7z::Final Fantasy V-Pixel Freemaster (All Jobs Unlocked not included & No 2x abp,gil,xp).ips, Final Fantasy V-Pixel Freemaster (v4.85 by Nintenja and Various authors).7z::Final Fantasy V-Pixel Freemaster (All Jobs Unlocked not included + 2x abp,gil,xp).ips
  0x03F794: expected 00, found CA (conflict)
  0x03F7A0: expected 00, found 20 (conflict)
  0x03F7A1: expected 00, found 20 (still-clean)
  0x03F7A2: expected 00, found 20 (conflict)
  0x03F7A3: expected 00, found 20 (conflict)
  0x03F7A4: expected 00, found C0 (conflict)  explains: [5665]ff5_dbl_xp_gold_abp.zip::FFV Clean v195.ips
  0x03F7A9: expected 00, found 40 (conflict)
  0x03F7AA: expected 00, found 40 (conflict)
  0x03F7AB: expected 00, found F1 (conflict)
  0x03F7AC: expected 00, found 42 (conflict)
  0x03F7AD: expected 00, found 43 (conflict)
  0x03F7AE: expected 00, found 42 (conflict)
  0x03F7AF: expected 00, found 4A (conflict)
  0x03F7B9: expected 00, found E0 (conflict)
  0x03F7BB: expected 00, found 20 (still-clean)
  0x03F7BC: expected 00, found C0 (conflict)
  0x03F8B0: expected 60, found 00 (still-clean)
  0x03F8B1: expected 0F, found 40 (conflict)
  0x03F8B2: expected 6C, found 00 (still-clean)  explains: Final Fantasy V Tweaks v2.7a.ips
  0x03F8B3: expected 6C, found CB (conflict)
  0x03F8B4: expected 6C, found 4C (conflict)
  0x03F8B5: expected 6C, found 48 (conflict)
  0x03F8B6: expected 6C, found 48 (conflict)
  0x03F8B7: expected 6C, found 48 (conflict)
  0x03F8B8: expected 00, found E8 (conflict)
  0x03F8BD: expected 80, found 00 (still-clean)  explains: [5665]ff5_dbl_xp_gold_abp.zip::FFV Clean v195.ips
  0x03F8BE: expected C0, found 00 (still-clean)
  0x03F8BF: expected C0, found 00 (still-clean)
  0x03F8C0: expected C0, found 80 (conflict)  explains: Final Fantasy V - GBA Script Port.ips, Final Fantasy V Tweaks v2.7a.ips, Final Fantasy V-Pixel Freemaster (v4.85 by Nintenja and Various authors).7z::Final Fantasy V-Pixel Freemaster (All Jobs Unlocked not included & No 2x abp,gil,xp).ips
  0x03F8C1: expected C0, found 80 (conflict)  explains: Final Fantasy V Tweaks v2.7a.ips
  0x03F8C2: expected C0, found 80 (conflict)  explains: Final Fantasy V Tweaks v2.7a.ips
  0x03F8C3: expected C0, found 80 (conflict)  explains: Final Fantasy V Tweaks v2.7a.ips
  0x03F958: expected 60, found 00 (still-clean)  explains: Final Fantasy V - GBA Script Port.ips, Final Fantasy V-Pixel Freemaster (v4.85 by Nintenja and Various authors).7z::Final Fantasy V-Pixel Freemaster (All Jobs Unlocked not included & No 2x abp,gil,xp).ips, Final Fantasy V-Pixel Freemaster (v4.85 by Nintenja and Various authors).7z::Final Fantasy V-Pixel Freemaster (All Jobs Unlocked not included + 2x abp,gil,xp).ips
  0x03F959: expected 60, found C0 (conflict)
  0x03F95A: expected 67, found 40 (conflict)
  0x03F95B: expected 68, found 47 (conflict)
  0x03F95C: expected 67, found 40 (conflict)
  0x03F95D: expected 6C, found 47 (conflict)
  0x03F95E: expected 6C, found 48 (conflict)
  0x03F95F: expected 6C, found 48 (conflict)
  0x03F960: expected 67, found E7 (conflict)
  0x03F966: expected 80, found 00 (still-clean)  explains: Final Fantasy V - GBA Script Port.ips, Final Fantasy V (J) [T+Spa1.06f_noisecross][CRC32_4BADF779].ips, Final Fantasy V-Pixel Freemaster (v4.85 by Nintenja and Various authors).7z::Final Fantasy V-Pixel Freemaster (All Jobs Unlocked not included & No 2x abp,gil,xp).ips
  0x03F967: expected C0, found 00 (still-clean)  explains: Final Fantasy V - GBA Script Port.ips, Final Fantasy V-Pixel Freemaster (v4.85 by Nintenja and Various authors).7z::Final Fantasy V-Pixel Freemaster (All Jobs Unlocked not included & No 2x abp,gil,xp).ips, Final Fantasy V-Pixel Freemaster (v4.85 by Nintenja and Various authors).7z::Final Fantasy V-Pixel Freemaster (All Jobs Unlocked not included + 2x abp,gil,xp).ips
  0x03F968: expected C0, found 80 (conflict)  explains: Final Fantasy V - GBA Script Port.ips, Final Fantasy V-Pixel Freemaster (v4.85 by Nintenja and Various authors).7z::Final Fantasy V-Pixel Freemaster (All Jobs Unlocked not included & No 2x abp,gil,xp).ips, Final Fantasy V-Pixel Freemaster (v4.85 by Nintenja and Various authors).7z::Final Fantasy V-Pixel Freemaster (All Jobs Unlocked not included + 2x abp,gil,xp).ips
  0x03F969: expected C0, found 80 (conflict)
  0x03F96A: expected C0, found 80 (conflict)  explains: Final Fantasy V - GBA Script Port.ips, Final Fantasy V-Pixel Freemaster (v4.85 by Nintenja and Various authors).7z::Final Fantasy V-Pixel Freemaster (All Jobs Unlocked not included & No 2x abp,gil,xp).ips, Final Fantasy V-Pixel Freemaster (v4.85 by Nintenja and Various authors).7z::Final Fantasy V-Pixel Freemaster (All Jobs Unlocked not included + 2x abp,gil,xp).ips
  0x03F96B: expected C0, found 80 (conflict)
  0x03F96C: expected C0, found 80 (conflict)  explains: Final Fantasy V - GBA Script Port.ips, Final Fantasy V-Pixel Freemaster (v4.85 by Nintenja and Various authors).7z::Final Fantasy V-Pixel Freemaster (All Jobs Unlocked not included & No 2x abp,gil,xp).ips, Final Fantasy V-Pixel Freemaster (v4.85 by Nintenja and Various authors).7z::Final Fantasy V-Pixel Freemaster (All Jobs Unlocked not included + 2x abp,gil,xp).ips
  0x03F972: expected 3C, found 00 (conflict)  explains: Final Fantasy V (J) [T+Spa1.06f_noisecross][CRC32_4BADF779].ips
  0x03F973: expected 66, found 73 (conflict)
  0x03F974: expected 66, found 89 (conflict)
  0x03F975: expected 66, found 89 (conflict)
  0x03F976: expected 66, found 89 (conflict)
  0x03F977: expected 66, found 89 (conflict)
  ... 673 more mismatched bytes omitted

=== mine\FFV Clean Krile + Lenna + Bartz.ips [PARTIAL, 90.7% of 27208 informative bytes, delta 0] ===
  0x00FFDC: expected 08, found BF (conflict)  explains: FFV - Weapon 1.7 Equip for Thief, Ninja.ips, FFV Clean - Serity's Equip Icons upgrade.ips
  0x00FFDD: expected 47, found 3E (conflict)  explains: FFV - Weapon 1.7 Equip for Thief, Ninja.ips, FFV Clean - Serity's Equip Icons upgrade.ips
  0x00FFDE: expected F7, found 40 (conflict)  explains: FFV - Weapon 1.7 Equip for Thief, Ninja.ips, FFV Clean - Serity's Equip Icons upgrade.ips
  0x00FFDF: expected B8, found C1 (conflict)  explains: FFV - Weapon 1.7 Equip for Thief, Ninja.ips
  0x121800: expected 00, found 07 (still-clean)
  0x121802: expected 04, found 1C (still-clean)
  0x121803: expected 03, found 07 (still-clean)
  0x121804: expected 1B, found 3B (still-clean)
  0x121805: expected 07, found 1F (still-clean)
  0x121806: expected 04, found 34 (still-clean)
  0x121807: expected 0F, found 1F (still-clean)
  0x121808: expected 00, found 33 (still-clean)
  0x121809: expected 0C, found 1F (still-clean)
  0x12180A: expected 00, found 3F (still-clean)
  0x12180B: expected 00, found 1C (still-clean)
  0x12180C: expected 00, found 3E (still-clean)
  0x12180D: expected 01, found 00 (still-clean)
  0x12180E: expected 04, found 14 (still-clean)
  0x12180F: expected 0B, found 06 (still-clean)
  0x121810: expected 07, found 00 (still-clean)
  0x121811: expected 07, found 00 (still-clean)
  0x121812: expected 18, found 07 (still-clean)
  0x121813: expected 18, found 00 (still-clean)
  0x121814: expected 20, found 1C (still-clean)
  0x121815: expected 20, found 03 (still-clean)
  0x121816: expected 30, found 1B (still-clean)
  0x121817: expected 20, found 14 (still-clean)
  0x121818: expected 33, found 1F (still-clean)
  0x121819: expected 20, found 13 (still-clean)
  0x12181A: expected 3F, found 1C (still-clean)
  0x12181B: expected 23, found 1C (still-clean)
  0x12181C: expected 3F, found 00 (still-clean)
  0x12181D: expected 3E, found 01 (still-clean)
  0x12181E: expected 19, found 00 (still-clean)
  0x12181F: expected 16, found 09 (still-clean)
  0x121820: expected 00, found F0 (still-clean)
  0x121822: expected 70, found 78 (still-clean)
  0x121823: expected 80, found F0 (still-clean)
  0x121824: expected 38, found 3C (still-clean)
  0x121825: expected C0, found F8 (still-clean)
  0x121826: expected 18, found 7C (still-clean)
  0x121827: expected 80, found F8 (still-clean)
  0x121828: expected 68, found AC (still-clean)
  0x121829: expected 50, found B8 (still-clean)
  0x12182A: expected 68, found AC (still-clean)
  0x12182B: expected 50, found B8 (still-clean)
  0x12182C: expected 48, found 8C (still-clean)
  0x12182D: expected 70, found 38 (still-clean)
  0x12182E: expected 0C, found CE (still-clean)
  0x12182F: expected 30, found 7C (still-clean)
  0x121830: expected F0, found 00 (still-clean)
  0x121831: expected F0, found 00 (still-clean)
  0x121832: expected 08, found F0 (still-clean)
  0x121833: expected 08, found 00 (still-clean)
  0x121834: expected 04, found F8 (still-clean)
  0x121835: expected 04, found 00 (still-clean)
  0x121836: expected 64, found F8 (still-clean)
  0x121837: expected 04, found 60 (still-clean)
  0x121838: expected C4, found F8 (still-clean)
  0x121839: expected 04, found C0 (still-clean)
  0x12183A: expected C4, found F8 (still-clean)
  0x12183B: expected 04, found C0 (still-clean)
  0x12183C: expected C4, found 78 (still-clean)
  0x12183D: expected 84, found 40 (still-clean)
  ... 2477 more mismatched bytes omitted

=== mine\FFV Clean Krile+Lenna.ips [APPLIED, 97.1% of 24457 informative bytes, delta 0] ===
  0x00FFDC: expected 3C, found BF (conflict)  explains: FFV - Weapon 1.7 Equip for Thief, Ninja.ips, FFV Clean - Serity's Equip Icons upgrade.ips
  0x00FFDD: expected 9B, found 3E (conflict)  explains: FFV - Weapon 1.7 Equip for Thief, Ninja.ips, FFV Clean - Serity's Equip Icons upgrade.ips
  0x00FFDE: expected C3, found 40 (conflict)  explains: FFV - Weapon 1.7 Equip for Thief, Ninja.ips, FFV Clean - Serity's Equip Icons upgrade.ips
  0x00FFDF: expected 64, found C1 (conflict)  explains: FFV - Weapon 1.7 Equip for Thief, Ninja.ips
  0x128420: expected E0, found F0 (still-clean)
  0x128422: expected F0, found F8 (still-clean)
  0x128433: expected 60, found 70 (still-clean)
  0x1284E0: expected E0, found F0 (still-clean)
  0x1284E2: expected F0, found F8 (still-clean)
  0x1284F3: expected 60, found 70 (still-clean)
  0x1285E8: expected E0, found F0 (still-clean)
  0x1285EA: expected F0, found F8 (still-clean)
  0x1285FB: expected 60, found 70 (still-clean)
  0x1287E0: expected E0, found F0 (still-clean)
  0x1287E2: expected F0, found F8 (still-clean)
  0x1287F3: expected 60, found 70 (still-clean)
  0x128960: expected E0, found F0 (still-clean)
  0x128962: expected F0, found F8 (still-clean)
  0x128973: expected 60, found 70 (still-clean)
  0x12B420: expected E0, found F0 (still-clean)
  0x12B422: expected F0, found F8 (still-clean)  explains: FFV Clean Krile + Lenna + Bartz.ips, [5665]ff5_dbl_xp_gold_abp.zip::FFV Clean v195.ips
  0x12B433: expected 60, found 70 (still-clean)
  0x12F020: expected E0, found F0 (still-clean)
  0x12F022: expected F0, found F8 (still-clean)
  0x12F033: expected 60, found 70 (still-clean)
  0x12F0E0: expected E0, found F0 (still-clean)
  0x12F0E2: expected F0, found F8 (still-clean)
  0x12F0F3: expected 60, found 70 (still-clean)
  0x12F1E8: expected E0, found F0 (still-clean)
  0x12F1EA: expected F0, found F8 (still-clean)
  0x12F1FB: expected 60, found 70 (still-clean)
  0x12F3E0: expected E0, found F0 (still-clean)
  0x12F3E2: expected F0, found F8 (still-clean)
  0x12F3F3: expected 60, found 70 (still-clean)
  0x12F620: expected E0, found F0 (still-clean)
  0x12F622: expected F0, found F8 (still-clean)
  0x12F633: expected 60, found 70 (still-clean)
  0x12F6E0: expected E0, found F0 (still-clean)
  0x12F6E2: expected F0, found F8 (still-clean)
  0x12F6F3: expected 60, found 70 (still-clean)
  0x12F7E8: expected E0, found F0 (still-clean)
  0x12F7EA: expected F0, found F8 (still-clean)
  0x12F7FB: expected 60, found 70 (still-clean)
  0x12F9E0: expected E0, found F0 (still-clean)
  0x12F9E2: expected F0, found F8 (still-clean)
  0x12F9F3: expected 60, found 70 (still-clean)
  0x12FB60: expected E0, found F0 (still-clean)
  0x12FB62: expected F0, found F8 (still-clean)
  0x12FB73: expected 60, found 70 (still-clean)
  0x12FCF4: expected E0, found F0 (still-clean)  explains: É^ÉαFF5r-IC Disc3.ips
  0x12FCF5: expected 18, found 08 (still-clean)
  0x1302F4: expected E0, found F0 (still-clean)
  0x1302F5: expected 18, found 08 (still-clean)
  0x143A41: expected 24, found 20 (conflict)  explains: FFV ReJobbed Unchibi Krile by xJ4cks.ips, [5665]ff5_dbl_xp_gold_abp.zip::FFV Clean v195.ips
  0x143A50: expected 04, found 00 (conflict)  explains: FFV ReJobbed Unchibi Krile by xJ4cks.ips, [5665]ff5_dbl_xp_gold_abp.zip::FFV Clean v195.ips
  0x143A51: expected 31, found 3F (conflict)  explains: FFV ReJobbed Unchibi Krile by xJ4cks.ips, [5665]ff5_dbl_xp_gold_abp.zip::FFV Clean v195.ips
  0x143B01: expected 24, found 20 (conflict)  explains: FFV ReJobbed Unchibi Krile by xJ4cks.ips, [5665]ff5_dbl_xp_gold_abp.zip::FFV Clean v195.ips
  0x143B10: expected 04, found 00 (conflict)  explains: FFV ReJobbed Unchibi Krile by xJ4cks.ips, [5665]ff5_dbl_xp_gold_abp.zip::FFV Clean v195.ips
  0x143B11: expected 31, found 3F (conflict)  explains: FFV ReJobbed Unchibi Krile by xJ4cks.ips, [5665]ff5_dbl_xp_gold_abp.zip::FFV Clean v195.ips
  0x143C04: expected 26, found 24 (conflict)  explains: [5665]ff5_dbl_xp_gold_abp.zip::FFV Clean v195.ips
  0x143C06: expected 67, found 65 (conflict)  explains: [5665]ff5_dbl_xp_gold_abp.zip::FFV Clean v195.ips
  0x143DCF: expected 24, found 20 (conflict)  explains: FFV ReJobbed Unchibi Krile by xJ4cks.ips, [5665]ff5_dbl_xp_gold_abp.zip::FFV Clean v195.ips
  0x143DDE: expected 04, found 00 (conflict)  explains: FFV ReJobbed Unchibi Krile by xJ4cks.ips, [5665]ff5_dbl_xp_gold_abp.zip::FFV Clean v195.ips
  0x143DDF: expected 31, found 3F (conflict)  explains: FFV ReJobbed Unchibi Krile by xJ4cks.ips, [5665]ff5_dbl_xp_gold_abp.zip::FFV Clean v195.ips
  ... 657 more mismatched bytes omitted

=== mine\FFV ReJobbed Unchibi Krile by xJ4cks.ips [PARTIAL, 23.2% of 25162 informative bytes, delta 0] ===
  0x00FFDC: expected C8, found BF (conflict)  explains: FFV - Weapon 1.7 Equip for Thief, Ninja.ips, FFV Clean - Serity's Equip Icons upgrade.ips
  0x00FFDD: expected 76, found 3E (conflict)  explains: FFV - Weapon 1.7 Equip for Thief, Ninja.ips, FFV Clean - Serity's Equip Icons upgrade.ips
  0x00FFDE: expected 37, found 40 (conflict)  explains: FFV - Weapon 1.7 Equip for Thief, Ninja.ips, FFV Clean - Serity's Equip Icons upgrade.ips
  0x00FFDF: expected 89, found C1 (conflict)  explains: FFV - Weapon 1.7 Equip for Thief, Ninja.ips
  0x14100E: expected 7F, found 51 (conflict)  explains: FFV Clean Krile + Lenna + Bartz.ips, FFV Clean Krile+Lenna.ips, FFV RPGe Clean Warriors.ips
  0x14100F: expected 00, found 3F (conflict)  explains: FFV Clean Krile + Lenna + Bartz.ips, FFV Clean Krile+Lenna.ips, FFV RPGe Clean Warriors.ips
  0x141018: expected 01, found 00 (conflict)  explains: FF5 Character Change 0.3 (Record Keeper sprites by Tsushiy).ips, FFV Clean Krile + Lenna + Bartz.ips, FFV Clean Krile+Lenna.ips
  0x141019: expected 06, found 07 (conflict)  explains: FFV Clean Krile + Lenna + Bartz.ips, FFV Clean Krile+Lenna.ips, FFV RPGe Clean Warriors.ips
  0x14101C: expected 08, found 09 (conflict)  explains: FFV Clean Krile + Lenna + Bartz.ips, FFV Clean Krile+Lenna.ips, FFV RPGe Clean Warriors.ips
  0x14101D: expected 17, found 16 (conflict)  explains: FFV Clean Krile + Lenna + Bartz.ips, FFV Clean Krile+Lenna.ips, FFV RPGe Clean Warriors.ips
  0x14101E: expected 3F, found 1F (still-clean)  explains: FFV Clean Krile + Lenna + Bartz.ips, FFV Clean Krile+Lenna.ips, FFV RPGe Clean Warriors.ips
  0x14101F: expected 3F, found 20 (conflict)  explains: FFV Clean Krile + Lenna + Bartz.ips, FFV Clean Krile+Lenna.ips, FFV RPGe Clean Warriors.ips
  0x141024: expected F0, found C0 (conflict)  explains: FFV Clean Krile + Lenna + Bartz.ips, FFV Clean Krile+Lenna.ips, FFV RPGe Clean Warriors.ips
  0x141026: expected B8, found 60 (conflict)  explains: FF5 Character Change 0.3 (Record Keeper sprites by Tsushiy).ips, FFV Clean Krile + Lenna + Bartz.ips, FFV Clean Krile+Lenna.ips
  0x141027: expected 40, found C0 (conflict)  explains: FFV Clean Krile + Lenna + Bartz.ips, FFV Clean Krile+Lenna.ips, FFV RPGe Clean Warriors.ips
  0x141028: expected D8, found F8 (conflict)  explains: FFV Clean Krile + Lenna + Bartz.ips, FFV Clean Krile+Lenna.ips, FFV RPGe Clean Warriors.ips
  0x14102E: expected FE, found 3E (conflict)  explains: FFV Clean Krile + Lenna + Bartz.ips, FFV Clean Krile+Lenna.ips, FFV RPGe Clean Warriors.ips
  0x141036: expected 20, found 80 (conflict)  explains: FFV Clean Krile + Lenna + Bartz.ips, FFV Clean Krile+Lenna.ips, FFV RPGe Clean Warriors.ips
  0x141037: expected D0, found C0 (conflict)  explains: FFV Clean Krile + Lenna + Bartz.ips, FFV Clean Krile+Lenna.ips, FFV RPGe Clean Warriors.ips
  0x141038: expected 10, found 00 (conflict)  explains: FFV Clean Krile + Lenna + Bartz.ips, FFV Clean Krile+Lenna.ips, FFV RPGe Clean Warriors.ips
  0x14103E: expected 84, found 04 (conflict)  explains: FFV Clean Krile + Lenna + Bartz.ips, FFV Clean Krile+Lenna.ips, FFV RPGe Clean Warriors.ips
  0x141040: expected 4C, found 5F (conflict)  explains: FFV Clean Krile + Lenna + Bartz.ips, FFV Clean Krile+Lenna.ips, FFV RPGe Clean Warriors.ips
  0x141041: expected 3F, found 2E (conflict)  explains: FFV Clean Krile + Lenna + Bartz.ips, FFV Clean Krile+Lenna.ips, FFV RPGe Clean Warriors.ips
  0x141042: expected 7F, found 3C (conflict)  explains: FFV Clean Krile + Lenna + Bartz.ips, FFV Clean Krile+Lenna.ips, FFV RPGe Clean Warriors.ips
  0x141043: expected 30, found 00 (still-clean)  explains: FFV Clean Krile + Lenna + Bartz.ips, FFV Clean Krile+Lenna.ips, FFV RPGe Clean Warriors.ips
  0x141044: expected 36, found 16 (conflict)  explains: FFV Clean Krile + Lenna + Bartz.ips, FFV Clean Krile+Lenna.ips, FFV RPGe Clean Warriors.ips
  0x141048: expected 14, found 34 (conflict)  explains: FFV Clean Krile + Lenna + Bartz.ips, FFV Clean Krile+Lenna.ips, FFV RPGe Clean Warriors.ips
  0x14104A: expected 30, found 70 (conflict)  explains: FFV Clean Krile + Lenna + Bartz.ips, FFV Clean Krile+Lenna.ips, FFV RPGe Clean Warriors.ips
  0x14104B: expected 00, found 21 (conflict)  explains: FFV Clean Krile + Lenna + Bartz.ips, FFV Clean Krile+Lenna.ips, FFV RPGe Clean Warriors.ips
  0x14104D: expected 30, found 11 (conflict)  explains: FFV Clean Krile + Lenna + Bartz.ips, FFV Clean Krile+Lenna.ips, FFV RPGe Clean Warriors.ips
  0x14104E: expected 6F, found 7F (conflict)  explains: FFV Clean Krile + Lenna + Bartz.ips, FFV Clean Krile+Lenna.ips, FFV RPGe Clean Warriors.ips
  0x14104F: expected 39, found 09 (conflict)  explains: FFV Clean Krile + Lenna + Bartz.ips, FFV Clean Krile+Lenna.ips, FFV RPGe Clean Warriors.ips
  0x141050: expected 3F, found 0E (conflict)  explains: FFV Clean Krile + Lenna + Bartz.ips, FFV Clean Krile+Lenna.ips, FFV RPGe Clean Warriors.ips
  0x141051: expected 19, found 31 (conflict)  explains: FFV Clean Krile + Lenna + Bartz.ips, FFV Clean Krile+Lenna.ips, FFV RPGe Clean Warriors.ips
  0x141052: expected 3F, found 00 (conflict)  explains: FFV Clean Krile + Lenna + Bartz.ips, FFV Clean Krile+Lenna.ips, FFV RPGe Clean Warriors.ips
  0x141053: expected 0F, found 13 (conflict)  explains: FFV Clean Krile + Lenna + Bartz.ips, FFV Clean Krile+Lenna.ips, FFV RPGe Clean Warriors.ips
  0x141054: expected 18, found 08 (conflict)  explains: FFV Clean Krile + Lenna + Bartz.ips, FFV Clean Krile+Lenna.ips, FFV RPGe Clean Warriors.ips
  0x141055: expected 11, found 01 (conflict)  explains: FF5 Character Change 0.3 (Record Keeper sprites by Tsushiy).ips, FFV Clean Krile + Lenna + Bartz.ips, FFV Clean Krile+Lenna.ips
  0x14105A: expected 0C, found 2F (conflict)  explains: FFV Clean Krile + Lenna + Bartz.ips, FFV Clean Krile+Lenna.ips, FFV RPGe Clean Warriors.ips
  0x14105B: expected 03, found 00 (still-clean)  explains: FFV Clean Krile + Lenna + Bartz.ips, FFV Clean Krile+Lenna.ips, FFV RPGe Clean Warriors.ips
  0x14105C: expected 34, found 37 (conflict)  explains: FFV Clean Krile + Lenna + Bartz.ips, FFV Clean Krile+Lenna.ips, FFV RPGe Clean Warriors.ips
  0x14105D: expected 32, found 20 (conflict)  explains: FFV Clean Krile + Lenna + Bartz.ips, FFV Clean Krile+Lenna.ips, FFV RPGe Clean Warriors.ips
  0x14105E: expected 39, found 19 (conflict)  explains: FFV Clean Krile + Lenna + Bartz.ips, FFV Clean Krile+Lenna.ips, FFV RPGe Clean Warriors.ips
  0x14105F: expected 30, found 10 (conflict)  explains: FFV Clean Krile + Lenna + Bartz.ips, FFV Clean Krile+Lenna.ips, FFV RPGe Clean Warriors.ips
  0x141060: expected 7E, found FE (conflict)  explains: FF5 Character Change 0.3 (Record Keeper sprites by Tsushiy).ips, FFV Clean Krile + Lenna + Bartz.ips, FFV Clean Krile+Lenna.ips
  0x141061: expected 80, found 00 (still-clean)  explains: FFV Clean Krile + Lenna + Bartz.ips, FFV Clean Krile+Lenna.ips, FFV RPGe Clean Warriors.ips
  0x141062: expected BE, found FC (conflict)  explains: FF5 Character Change 0.3 (Record Keeper sprites by Tsushiy).ips, FFV Clean Krile + Lenna + Bartz.ips, FFV Clean Krile+Lenna.ips
  0x141063: expected E0, found 00 (still-clean)  explains: FFV Clean Krile + Lenna + Bartz.ips, FFV Clean Krile+Lenna.ips, FFV RPGe Clean Warriors.ips
  0x14106A: expected 7E, found DC (conflict)  explains: FFV Clean Krile + Lenna + Bartz.ips, FFV Clean Krile+Lenna.ips, FFV RPGe Clean Warriors.ips
  0x14106B: expected 00, found 30 (conflict)  explains: FFV Clean Krile + Lenna + Bartz.ips, FFV Clean Krile+Lenna.ips, FFV RPGe Clean Warriors.ips
  0x14106C: expected CC, found EC (conflict)  explains: FFV Clean Krile + Lenna + Bartz.ips, FFV Clean Krile+Lenna.ips, FFV RPGe Clean Warriors.ips
  0x14106E: expected B4, found DC (conflict)  explains: FFV Clean Krile + Lenna + Bartz.ips, FFV Clean Krile+Lenna.ips, FFV RPGe Clean Warriors.ips
  0x14106F: expected 78, found 18 (conflict)  explains: FFV Clean Krile + Lenna + Bartz.ips, FFV Clean Krile+Lenna.ips, FFV RPGe Clean Warriors.ips
  0x141071: expected 68, found 28 (conflict)  explains: FFV Clean Krile + Lenna + Bartz.ips, FFV Clean Krile+Lenna.ips, FFV RPGe Clean Warriors.ips
  0x141072: expected E4, found 68 (conflict)  explains: FFV Clean Krile + Lenna + Bartz.ips, FFV Clean Krile+Lenna.ips, FFV RPGe Clean Warriors.ips
  0x141073: expected 68, found 80 (conflict)  explains: FFV Clean Krile + Lenna + Bartz.ips, FFV Clean Krile+Lenna.ips, FFV RPGe Clean Warriors.ips
  0x141074: expected E8, found 08 (conflict)  explains: FFV Clean Krile + Lenna + Bartz.ips, FFV Clean Krile+Lenna.ips, FFV RPGe Clean Warriors.ips
  0x141076: expected 48, found 40 (conflict)  explains: FFV Clean Krile + Lenna + Bartz.ips, FFV Clean Krile+Lenna.ips, FFV RPGe Clean Warriors.ips
  0x141077: expected A0, found 98 (conflict)  explains: FFV Clean Krile + Lenna + Bartz.ips, FFV Clean Krile+Lenna.ips, FFV RPGe Clean Warriors.ips
  0x141078: expected 4C, found 40 (conflict)  explains: FFV Clean Krile + Lenna + Bartz.ips, FFV Clean Krile+Lenna.ips, FFV RPGe Clean Warriors.ips
  0x141079: expected 90, found 8C (conflict)  explains: FFV Clean Krile + Lenna + Bartz.ips, FFV Clean Krile+Lenna.ips, FFV RPGe Clean Warriors.ips
  0x14107A: expected 00, found 30 (conflict)  explains: FFV Clean Krile + Lenna + Bartz.ips, FFV Clean Krile+Lenna.ips, FFV RPGe Clean Warriors.ips
  0x14107B: expected 84, found 00 (still-clean)  explains: FFV Clean Krile + Lenna + Bartz.ips, FFV Clean Krile+Lenna.ips, FFV RPGe Clean Warriors.ips
  0x14107C: expected 38, found F8 (conflict)  explains: FFV Clean Krile + Lenna + Bartz.ips, FFV Clean Krile+Lenna.ips, FFV RPGe Clean Warriors.ips
  ... 19268 more mismatched bytes omitted

=== mine\FFV RPGe Clean NPCs - xJ4cks.ips [APPLIED, 100.0% of 136815 informative bytes, delta 0] ===
  0x00FFDC: expected F7, found BF (conflict)  explains: FFV - Weapon 1.7 Equip for Thief, Ninja.ips, FFV Clean - Serity's Equip Icons upgrade.ips
  0x00FFDD: expected 41, found 3E (conflict)  explains: FFV - Weapon 1.7 Equip for Thief, Ninja.ips, FFV Clean - Serity's Equip Icons upgrade.ips
  0x00FFDE: expected 08, found 40 (conflict)  explains: FFV - Weapon 1.7 Equip for Thief, Ninja.ips, FFV Clean - Serity's Equip Icons upgrade.ips
  0x00FFDF: expected BE, found C1 (conflict)  explains: FFV - Weapon 1.7 Equip for Thief, Ninja.ips
  0x0E697C: expected 43, found 40 (conflict)
  0x0E69C2: expected 23, found 20 (conflict)

=== mine\FFV RPGe Clean NPCs.ips [APPLIED, 100.0% of 136814 informative bytes, delta 0] ===
  0x00FFDC: expected F7, found BF (conflict)  explains: FFV - Weapon 1.7 Equip for Thief, Ninja.ips, FFV Clean - Serity's Equip Icons upgrade.ips
  0x00FFDD: expected 41, found 3E (conflict)  explains: FFV - Weapon 1.7 Equip for Thief, Ninja.ips, FFV Clean - Serity's Equip Icons upgrade.ips
  0x00FFDE: expected 08, found 40 (conflict)  explains: FFV - Weapon 1.7 Equip for Thief, Ninja.ips, FFV Clean - Serity's Equip Icons upgrade.ips
  0x00FFDF: expected BE, found C1 (conflict)  explains: FFV - Weapon 1.7 Equip for Thief, Ninja.ips
  0x0E697C: expected 43, found 40 (conflict)

=== mine\FFV RPGe Clean Warriors.ips [PARTIAL, 38.2% of 184135 informative bytes, delta 0] ===
  0x001D7D: expected 70, found A0 (conflict)
  0x001D7E: expected F0, found F1 (conflict)
  0x001D81: expected 81, found A0 (conflict)
  0x001D82: expected F0, found F1 (conflict)
  0x00FFDC: expected 08, found BF (conflict)  explains: FFV - Weapon 1.7 Equip for Thief, Ninja.ips, FFV Clean - Serity's Equip Icons upgrade.ips
  0x00FFDD: expected BC, found 3E (conflict)  explains: FFV - Weapon 1.7 Equip for Thief, Ninja.ips, FFV Clean - Serity's Equip Icons upgrade.ips
  0x00FFDE: expected F7, found 40 (conflict)  explains: FFV - Weapon 1.7 Equip for Thief, Ninja.ips, FFV Clean - Serity's Equip Icons upgrade.ips
  0x00FFDF: expected 43, found C1 (conflict)  explains: FFV - Weapon 1.7 Equip for Thief, Ninja.ips
  0x128420: expected E0, found F0 (still-clean)
  0x128422: expected F0, found F8 (still-clean)
  0x128433: expected 60, found 70 (still-clean)
  0x1284E0: expected E0, found F0 (still-clean)
  0x1284E2: expected F0, found F8 (still-clean)
  0x1284F3: expected 60, found 70 (still-clean)
  0x1285E8: expected E0, found F0 (still-clean)
  0x1285EA: expected F0, found F8 (still-clean)
  0x1285FB: expected 60, found 70 (still-clean)
  0x1287E0: expected E0, found F0 (still-clean)
  0x1287E2: expected F0, found F8 (still-clean)
  0x1287F3: expected 60, found 70 (still-clean)
  0x128960: expected E0, found F0 (still-clean)
  0x128962: expected F0, found F8 (still-clean)
  0x128973: expected 60, found 70 (still-clean)
  0x12B420: expected E0, found F0 (still-clean)
  0x12B422: expected F0, found F8 (still-clean)  explains: FFV Clean Krile + Lenna + Bartz.ips, [5665]ff5_dbl_xp_gold_abp.zip::FFV Clean v195.ips
  0x12B433: expected 60, found 70 (still-clean)
  0x12F020: expected E0, found F0 (still-clean)
  0x12F022: expected F0, found F8 (still-clean)
  0x12F033: expected 60, found 70 (still-clean)
  0x12F0E0: expected E0, found F0 (still-clean)
  0x12F0E2: expected F0, found F8 (still-clean)
  0x12F0F3: expected 60, found 70 (still-clean)
  0x12F1E8: expected E0, found F0 (still-clean)
  0x12F1EA: expected F0, found F8 (still-clean)
  0x12F1FB: expected 60, found 70 (still-clean)
  0x12F3E0: expected E0, found F0 (still-clean)
  0x12F3E2: expected F0, found F8 (still-clean)
  0x12F3F3: expected 60, found 70 (still-clean)
  0x12F620: expected E0, found F0 (still-clean)
  0x12F622: expected F0, found F8 (still-clean)
  0x12F633: expected 60, found 70 (still-clean)
  0x12F6E0: expected E0, found F0 (still-clean)
  0x12F6E2: expected F0, found F8 (still-clean)
  0x12F6F3: expected 60, found 70 (still-clean)
  0x12F7E8: expected E0, found F0 (still-clean)
  0x12F7EA: expected F0, found F8 (still-clean)
  0x12F7FB: expected 60, found 70 (still-clean)
  0x12F9E0: expected E0, found F0 (still-clean)
  0x12F9E2: expected F0, found F8 (still-clean)
  0x12F9F3: expected 60, found 70 (still-clean)
  0x12FB60: expected E0, found F0 (still-clean)
  0x12FB62: expected F0, found F8 (still-clean)
  0x12FB73: expected 60, found 70 (still-clean)
  0x12FCF4: expected E0, found F0 (still-clean)  explains: É^ÉαFF5r-IC Disc3.ips
  0x12FCF5: expected 18, found 08 (still-clean)
  0x13026F: expected 10, found 0C (conflict)  explains: FFV Clean Krile + Lenna + Bartz.ips, [5665]ff5_dbl_xp_gold_abp.zip::FFV Clean v195.ips
  0x13027F: expected 04, found 10 (conflict)  explains: FFV Clean Krile + Lenna + Bartz.ips, [5665]ff5_dbl_xp_gold_abp.zip::FFV Clean v195.ips
  0x1302F4: expected E0, found F0 (still-clean)
  0x1302F5: expected 18, found 08 (still-clean)
  0x13032F: expected 20, found 18 (conflict)  explains: FFV Clean Krile + Lenna + Bartz.ips, [5665]ff5_dbl_xp_gold_abp.zip::FFV Clean v195.ips
  0x130361: expected 20, found 18 (conflict)  explains: FFV Clean Krile + Lenna + Bartz.ips, [5665]ff5_dbl_xp_gold_abp.zip::FFV Clean v195.ips
  0x1304CD: expected 08, found 17 (conflict)  explains: FFV Clean Krile + Lenna + Bartz.ips, [5665]ff5_dbl_xp_gold_abp.zip::FFV Clean v195.ips
  0x1304CF: expected 08, found 36 (conflict)  explains: FFV Clean Krile + Lenna + Bartz.ips, [5665]ff5_dbl_xp_gold_abp.zip::FFV Clean v195.ips
  0x1304DD: expected 20, found 28 (still-clean)  explains: FFV Clean Krile + Lenna + Bartz.ips, [5665]ff5_dbl_xp_gold_abp.zip::FFV Clean v195.ips
  ... 113730 more mismatched bytes omitted

=== mine\FFV(RPGe) Galuf Mimic - xJ4cks.ips [PARTIAL, 62.3% of 1314 informative bytes, delta 0] ===
  0x00FFDC: expected 5D, found BF (conflict)  explains: FFV - Weapon 1.7 Equip for Thief, Ninja.ips, FFV Clean - Serity's Equip Icons upgrade.ips
  0x00FFDD: expected 6F, found 3E (conflict)  explains: FFV - Weapon 1.7 Equip for Thief, Ninja.ips, FFV Clean - Serity's Equip Icons upgrade.ips
  0x00FFDE: expected A2, found 40 (conflict)  explains: FFV - Weapon 1.7 Equip for Thief, Ninja.ips, FFV Clean - Serity's Equip Icons upgrade.ips
  0x00FFDF: expected 90, found C1 (conflict)  explains: FFV - Weapon 1.7 Equip for Thief, Ninja.ips
  0x138044: expected 27, found 67 (conflict)
  0x138046: expected 2F, found AF (conflict)
  0x138048: expected 7F, found FF (conflict)
  0x13804E: expected 8F, found 89 (conflict)
  0x138055: expected 1F, found 1E (conflict)  explains: Galuf Mime by xJ4cks.ips, [5665]ff5_dbl_xp_gold_abp.zip::FFV Clean v195.ips, [5790]Super_Custom_Classes_v100 - ludmeister + FlamePurge.zip::Super_Custom_Classes_v100.ips
  0x138056: expected 0D, found 4D (conflict)
  0x138057: expected 12, found 52 (conflict)
  0x138064: expected F2, found CE (conflict)
  0x138065: expected 50, found 3C (conflict)
  0x138066: expected F9, found E1 (conflict)
  0x138067: expected 38, found 60 (conflict)
  0x138068: expected 33, found FF (conflict)
  0x138069: expected C0, found 00 (still-clean)
  0x13806A: expected 49, found CF (conflict)
  0x13806C: expected 89, found 8B (conflict)
  0x13806E: expected 89, found 8B (conflict)
  0x138073: expected A0, found 80 (conflict)
  0x138074: expected 4C, found 3C (conflict)
  0x138075: expected 1C, found 0C (conflict)
  0x138076: expected 06, found 1E (conflict)
  0x138077: expected 3E, found 7E (conflict)
  0x138078: expected CC, found 00 (still-clean)
  0x138079: expected 0C, found 00 (still-clean)
  0x13807B: expected 16, found 96 (conflict)
  0x13807D: expected 16, found 12 (conflict)
  0x13807F: expected 76, found 72 (conflict)
  0x138084: expected AD, found BD (conflict)
  0x138086: expected AD, found BD (conflict)
  0x13808A: expected BF, found A2 (conflict)
  0x13808C: expected A7, found BF (conflict)  explains: Galuf Mime by xJ4cks.ips, [5665]ff5_dbl_xp_gold_abp.zip::FFV Clean v195.ips
  0x13808E: expected 43, found 63 (conflict)
  0x138093: expected 46, found 16 (conflict)
  0x138095: expected 46, found 16 (conflict)
  0x138097: expected 46, found 16 (conflict)
  0x138099: expected 43, found 03 (conflict)  explains: [5790]Super_Custom_Classes_v100 - ludmeister + FlamePurge.zip::Super_Custom_Classes_v100.ips, Final Fantasy V-Pixel Freemaster (v4.85 by Nintenja and Various authors).7z::Final Fantasy V-Pixel Freemaster (All Jobs Unlocked not included & No 2x abp,gil,xp).ips, Final Fantasy V-Pixel Freemaster (v4.85 by Nintenja and Various authors).7z::Final Fantasy V-Pixel Freemaster (All Jobs Unlocked not included + 2x abp,gil,xp).ips
  0x13809B: expected 41, found 1D (conflict)
  0x13809D: expected 43, found 03 (conflict)  explains: [5790]Super_Custom_Classes_v100 - ludmeister + FlamePurge.zip::Super_Custom_Classes_v100.ips, Final Fantasy V-Pixel Freemaster (v4.85 by Nintenja and Various authors).7z::Final Fantasy V-Pixel Freemaster (All Jobs Unlocked not included & No 2x abp,gil,xp).ips, Final Fantasy V-Pixel Freemaster (v4.85 by Nintenja and Various authors).7z::Final Fantasy V-Pixel Freemaster (All Jobs Unlocked not included + 2x abp,gil,xp).ips
  0x1380A0: expected 79, found F3 (conflict)
  0x1380A1: expected 86, found 8E (conflict)
  0x1380A2: expected 79, found F3 (conflict)
  0x1380A3: expected F6, found EE (conflict)
  0x1380A4: expected 79, found F3 (conflict)
  0x1380A5: expected F6, found EE (conflict)
  0x1380A6: expected 19, found F3 (conflict)
  0x1380A7: expected F6, found EE (conflict)
  0x1380A8: expected F9, found F3 (conflict)
  0x1380A9: expected 06, found 0E (conflict)
  0x1380AA: expected FD, found 13 (conflict)
  0x1380AB: expected EA, found EE (conflict)
  0x1380AC: expected F5, found 96 (conflict)
  0x1380AD: expected 62, found 6C (conflict)
  0x1380AE: expected F2, found FC (conflict)
  0x1380B0: expected 86, found 8E (conflict)
  0x1380B1: expected 06, found 82 (conflict)
  0x1380B2: expected F6, found EE (conflict)
  0x1380B3: expected 06, found E2 (conflict)
  0x1380B4: expected F6, found EE (conflict)
  0x1380B5: expected 06, found E2 (conflict)
  0x1380B6: expected F6, found EE (conflict)
  0x1380B7: expected 06, found E2 (conflict)
  ... 432 more mismatched bytes omitted

=== mine\Final Fantasy V Pantz n Sleeves 4.ips [PARTIAL, 84.0% of 493 informative bytes, delta 0] ===
  0x13026F: expected 10, found 0C (conflict)  explains: FFV Clean Krile + Lenna + Bartz.ips, [5665]ff5_dbl_xp_gold_abp.zip::FFV Clean v195.ips
  0x13027F: expected 04, found 10 (conflict)  explains: FFV Clean Krile + Lenna + Bartz.ips, [5665]ff5_dbl_xp_gold_abp.zip::FFV Clean v195.ips
  0x13032F: expected 20, found 18 (conflict)  explains: FFV Clean Krile + Lenna + Bartz.ips, [5665]ff5_dbl_xp_gold_abp.zip::FFV Clean v195.ips
  0x130361: expected 20, found 18 (conflict)  explains: FFV Clean Krile + Lenna + Bartz.ips, [5665]ff5_dbl_xp_gold_abp.zip::FFV Clean v195.ips
  0x1304CD: expected 08, found 17 (conflict)  explains: FFV Clean Krile + Lenna + Bartz.ips, [5665]ff5_dbl_xp_gold_abp.zip::FFV Clean v195.ips
  0x1304CF: expected 08, found 36 (conflict)  explains: FFV Clean Krile + Lenna + Bartz.ips, [5665]ff5_dbl_xp_gold_abp.zip::FFV Clean v195.ips
  0x1304DD: expected 20, found 28 (still-clean)  explains: FFV Clean Krile + Lenna + Bartz.ips, [5665]ff5_dbl_xp_gold_abp.zip::FFV Clean v195.ips
  0x1304DF: expected 06, found 08 (conflict)  explains: FFV Clean Krile + Lenna + Bartz.ips, [5665]ff5_dbl_xp_gold_abp.zip::FFV Clean v195.ips
  0x130561: expected 0C, found 10 (conflict)  explains: FFV Clean Krile + Lenna + Bartz.ips, [5665]ff5_dbl_xp_gold_abp.zip::FFV Clean v195.ips
  0x1305EF: expected 08, found 10 (conflict)  explains: FFV Clean Krile + Lenna + Bartz.ips, [5665]ff5_dbl_xp_gold_abp.zip::FFV Clean v195.ips
  0x1306C5: expected 04, found 18 (conflict)  explains: FFV Clean Krile + Lenna + Bartz.ips, [5665]ff5_dbl_xp_gold_abp.zip::FFV Clean v195.ips
  0x1306C7: expected 06, found 18 (conflict)  explains: FFV Clean Krile + Lenna + Bartz.ips, [5665]ff5_dbl_xp_gold_abp.zip::FFV Clean v195.ips
  0x1306EB: expected 42, found 3E (conflict)  explains: FFV Clean Krile + Lenna + Bartz.ips, [5665]ff5_dbl_xp_gold_abp.zip::FFV Clean v195.ips
  0x1306ED: expected 40, found 38 (conflict)  explains: FFV Clean Krile + Lenna + Bartz.ips, [5665]ff5_dbl_xp_gold_abp.zip::FFV Clean v195.ips
  0x1306FB: expected 08, found 40 (conflict)  explains: FFV Clean Krile + Lenna + Bartz.ips, [5665]ff5_dbl_xp_gold_abp.zip::FFV Clean v195.ips
  0x1306FD: expected 88, found C0 (conflict)  explains: FFV Clean Krile + Lenna + Bartz.ips, [5665]ff5_dbl_xp_gold_abp.zip::FFV Clean v195.ips
  0x1307AF: expected 20, found 18 (conflict)  explains: FFV Clean Krile + Lenna + Bartz.ips, [5665]ff5_dbl_xp_gold_abp.zip::FFV Clean v195.ips
  0x1307EF: expected 20, found 18 (conflict)  explains: FFV Clean Krile + Lenna + Bartz.ips, [5665]ff5_dbl_xp_gold_abp.zip::FFV Clean v195.ips
  0x1AD8C2: expected 2F, found 3F (still-clean)
  0x1AD8C3: expected 07, found 17 (still-clean)
  0x1AD8D2: expected 10, found 00 (still-clean)  explains: Final Fantasy V vanilla field sprites.ips
  0x1ADB4B: expected 00, found 01 (conflict)  explains: [5665]ff5_dbl_xp_gold_abp.zip::FFV Clean v195.ips
  0x1ADB5B: expected 00, found 01 (still-clean)
  0x1ADC8F: expected 6C, found 60 (conflict)  explains: [5665]ff5_dbl_xp_gold_abp.zip::FFV Clean v195.ips
  0x1ADC9E: expected 00, found 0C (conflict)  explains: [5665]ff5_dbl_xp_gold_abp.zip::FFV Clean v195.ips
  0x1ADDE1: expected D6, found D0 (conflict)  explains: [5665]ff5_dbl_xp_gold_abp.zip::FFV Clean v195.ips
  0x1ADE2A: expected FA, found FE (still-clean)
  0x1AE04F: expected 01, found 00 (still-clean)  explains: Final Fantasy V vanilla field sprites.ips
  0x1AE05E: expected 00, found 01 (still-clean)  explains: Final Fantasy V vanilla field sprites.ips
  0x1AE06D: expected 40, found 00 (still-clean)  explains: Final Fantasy V vanilla field sprites.ips
  0x1AE07C: expected 00, found 40 (still-clean)  explains: Final Fantasy V vanilla field sprites.ips
  0x1AE0CF: expected 01, found 00 (still-clean)
  0x1AE0DE: expected 00, found 01 (still-clean)
  0x1AE0ED: expected 40, found 00 (still-clean)
  0x1AE0FC: expected 00, found 40 (still-clean)
  0x1AE148: expected 05, found 04 (still-clean)
  0x1AE166: expected 60, found A0 (conflict)  explains: [5665]ff5_dbl_xp_gold_abp.zip::FFV Clean v195.ips
  0x1AE16F: expected 80, found 00 (still-clean)
  0x1AE17E: expected 00, found 80 (still-clean)
  0x1AE1CF: expected 04, found 00 (still-clean)
  0x1AE1DE: expected 00, found 04 (still-clean)
  0x1AE1ED: expected 60, found 40 (still-clean)
  0x1AE1FC: expected 00, found 20 (still-clean)
  0x1AE24F: expected 01, found 00 (still-clean)
  0x1AE25E: expected 00, found 01 (still-clean)
  0x1AE26D: expected 40, found 00 (still-clean)
  0x1AE27C: expected 00, found 40 (still-clean)
  0x1AE34D: expected 01, found 00 (still-clean)
  0x1AE34F: expected 01, found 00 (still-clean)
  0x1AE35C: expected 02, found 03 (still-clean)
  0x1AE35E: expected 00, found 01 (still-clean)
  0x1AE3E1: expected AE, found AC (still-clean)
  0x1AE3E5: expected BF, found BE (still-clean)
  0x1AE3F0: expected 00, found 02 (still-clean)
  0x1AE3F4: expected 00, found 01 (still-clean)
  0x1AE447: expected 27, found 07 (still-clean)
  0x1AE449: expected 17, found 07 (still-clean)
  0x1AE456: expected 18, found 38 (still-clean)
  0x1AE458: expected 08, found 18 (still-clean)
  0x1AE5ED: expected 70, found 60 (still-clean)
  0x1AE5FC: expected 00, found 10 (still-clean)
  0x1AE62A: expected 23, found 27 (conflict)  explains: [5665]ff5_dbl_xp_gold_abp.zip::FFV Clean v195.ips
  0x1AE62C: expected 13, found 17 (still-clean)  explains: [5665]ff5_dbl_xp_gold_abp.zip::FFV Clean v195.ips
  0x1AE70F: expected 80, found 00 (still-clean)
  ... 15 more mismatched bytes omitted

=== mine\Galuf Mime by xJ4cks.ips [PARTIAL, 62.7% of 1318 informative bytes, delta 0] ===
  0x00FFDC: expected 0E, found BF (conflict)  explains: FFV - Weapon 1.7 Equip for Thief, Ninja.ips, FFV Clean - Serity's Equip Icons upgrade.ips
  0x00FFDD: expected 6F, found 3E (conflict)  explains: FFV - Weapon 1.7 Equip for Thief, Ninja.ips, FFV Clean - Serity's Equip Icons upgrade.ips
  0x00FFDE: expected F1, found 40 (conflict)  explains: FFV - Weapon 1.7 Equip for Thief, Ninja.ips, FFV Clean - Serity's Equip Icons upgrade.ips
  0x00FFDF: expected 90, found C1 (conflict)  explains: FFV - Weapon 1.7 Equip for Thief, Ninja.ips
  0x138044: expected 27, found 67 (conflict)
  0x138046: expected 2F, found AF (conflict)
  0x138048: expected 7F, found FF (conflict)
  0x13804E: expected 8F, found 89 (conflict)
  0x138056: expected 0D, found 4D (conflict)
  0x138057: expected 12, found 52 (conflict)
  0x138064: expected F2, found CE (conflict)
  0x138065: expected 50, found 3C (conflict)
  0x138066: expected F9, found E1 (conflict)
  0x138067: expected 38, found 60 (conflict)
  0x138068: expected 33, found FF (conflict)
  0x138069: expected C0, found 00 (still-clean)
  0x13806A: expected 49, found CF (conflict)
  0x13806C: expected 89, found 8B (conflict)
  0x13806E: expected 89, found 8B (conflict)
  0x138073: expected A0, found 80 (conflict)
  0x138074: expected 4C, found 3C (conflict)
  0x138075: expected 1C, found 0C (conflict)
  0x138076: expected 06, found 1E (conflict)
  0x138077: expected 3E, found 7E (conflict)
  0x138078: expected CC, found 00 (still-clean)
  0x138079: expected 0C, found 00 (still-clean)
  0x13807B: expected 16, found 96 (conflict)
  0x13807D: expected 16, found 12 (conflict)
  0x13807F: expected 76, found 72 (conflict)
  0x138084: expected AD, found BD (conflict)
  0x138086: expected AD, found BD (conflict)
  0x13808A: expected A3, found A2 (conflict)
  0x13808E: expected 43, found 63 (conflict)
  0x138093: expected 46, found 16 (conflict)
  0x138095: expected 46, found 16 (conflict)
  0x138097: expected 46, found 16 (conflict)
  0x138099: expected 43, found 03 (conflict)  explains: [5790]Super_Custom_Classes_v100 - ludmeister + FlamePurge.zip::Super_Custom_Classes_v100.ips, Final Fantasy V-Pixel Freemaster (v4.85 by Nintenja and Various authors).7z::Final Fantasy V-Pixel Freemaster (All Jobs Unlocked not included & No 2x abp,gil,xp).ips, Final Fantasy V-Pixel Freemaster (v4.85 by Nintenja and Various authors).7z::Final Fantasy V-Pixel Freemaster (All Jobs Unlocked not included + 2x abp,gil,xp).ips
  0x13809A: expected 41, found 5D (conflict)  explains: FFV(RPGe) Galuf Mimic - xJ4cks.ips
  0x13809B: expected 41, found 1D (conflict)
  0x13809D: expected 43, found 03 (conflict)  explains: [5790]Super_Custom_Classes_v100 - ludmeister + FlamePurge.zip::Super_Custom_Classes_v100.ips, Final Fantasy V-Pixel Freemaster (v4.85 by Nintenja and Various authors).7z::Final Fantasy V-Pixel Freemaster (All Jobs Unlocked not included & No 2x abp,gil,xp).ips, Final Fantasy V-Pixel Freemaster (v4.85 by Nintenja and Various authors).7z::Final Fantasy V-Pixel Freemaster (All Jobs Unlocked not included + 2x abp,gil,xp).ips
  0x1380A0: expected 79, found F3 (conflict)
  0x1380A1: expected 86, found 8E (conflict)
  0x1380A2: expected 79, found F3 (conflict)
  0x1380A3: expected F6, found EE (conflict)
  0x1380A4: expected 79, found F3 (conflict)
  0x1380A5: expected F6, found EE (conflict)
  0x1380A6: expected 19, found F3 (conflict)
  0x1380A7: expected F6, found EE (conflict)
  0x1380A8: expected F9, found F3 (conflict)
  0x1380A9: expected 06, found 0E (conflict)
  0x1380AA: expected F5, found 13 (conflict)
  0x1380AB: expected EA, found EE (conflict)
  0x1380AC: expected FD, found 96 (conflict)
  0x1380AD: expected 62, found 6C (conflict)
  0x1380AE: expected F2, found FC (conflict)
  0x1380B0: expected 86, found 8E (conflict)
  0x1380B1: expected 06, found 82 (conflict)
  0x1380B2: expected F6, found EE (conflict)
  0x1380B3: expected 06, found E2 (conflict)
  0x1380B4: expected F6, found EE (conflict)
  0x1380B5: expected 06, found E2 (conflict)
  0x1380B6: expected F6, found EE (conflict)
  0x1380B7: expected 06, found E2 (conflict)
  0x1380B8: expected 06, found 0E (conflict)
  ... 427 more mismatched bytes omitted

=== mine\KrileBlueBeret.ips [PARTIAL, 6.0% of 84 informative bytes, delta 0] ===
  0x145E06: expected 31, found 0F (conflict)  explains: FFV Clean Krile + Lenna + Bartz.ips, FFV Clean Krile+Lenna.ips, FFV RPGe Clean Warriors.ips
  0x145E07: expected 0E, found 00 (still-clean)  explains: FFV Clean Krile + Lenna + Bartz.ips, FFV Clean Krile+Lenna.ips, FFV RPGe Clean Warriors.ips
  0x145E08: expected 40, found 1E (conflict)  explains: FFV Clean Krile + Lenna + Bartz.ips, FFV Clean Krile+Lenna.ips, FFV RPGe Clean Warriors.ips
  0x145E09: expected 3F, found 01 (conflict)  explains: FFV Clean Krile + Lenna + Bartz.ips, FFV Clean Krile+Lenna.ips, FFV RPGe Clean Warriors.ips
  0x145E0A: expected 40, found 3F (conflict)  explains: FFV Clean Krile + Lenna + Bartz.ips, FFV Clean Krile+Lenna.ips, FFV RPGe Clean Warriors.ips
  0x145E0B: expected 3F, found 00 (still-clean)  explains: FFV Clean Krile + Lenna + Bartz.ips, FFV Clean Krile+Lenna.ips, FFV RPGe Clean Warriors.ips
  0x145E0C: expected FF, found 3E (conflict)  explains: FFV Clean Krile + Lenna + Bartz.ips, FFV Clean Krile+Lenna.ips, FFV RPGe Clean Warriors.ips
  0x145E19: expected 00, found 0E (conflict)  explains: FFV Clean Krile + Lenna + Bartz.ips, FFV Clean Krile+Lenna.ips, FFV RPGe Clean Warriors.ips
  0x145E1B: expected 00, found 1F (conflict)  explains: FFV Clean Krile + Lenna + Bartz.ips, FFV Clean Krile+Lenna.ips, FFV RPGe Clean Warriors.ips
  0x145E1D: expected 00, found 1F (still-clean)  explains: FFV Clean Krile + Lenna + Bartz.ips, FFV Clean Krile+Lenna.ips, FFV RPGe Clean Warriors.ips
  0x145E2A: expected FD, found F4 (conflict)  explains: FFV Clean Krile + Lenna + Bartz.ips, FFV Clean Krile+Lenna.ips, FFV RPGe Clean Warriors.ips
  0x145E3B: expected 0A, found A8 (conflict)  explains: FFV Clean Krile + Lenna + Bartz.ips, FFV Clean Krile+Lenna.ips, FFV RPGe Clean Warriors.ips
  0x145EC6: expected 31, found 0F (conflict)  explains: FFV Clean Krile + Lenna + Bartz.ips, FFV Clean Krile+Lenna.ips, FFV RPGe Clean Warriors.ips
  0x145EC7: expected 0E, found 00 (still-clean)  explains: FFV Clean Krile + Lenna + Bartz.ips, FFV Clean Krile+Lenna.ips, FFV RPGe Clean Warriors.ips
  0x145EC8: expected 40, found 1E (conflict)  explains: FFV Clean Krile + Lenna + Bartz.ips, FFV Clean Krile+Lenna.ips, FFV RPGe Clean Warriors.ips
  0x145EC9: expected 3F, found 01 (conflict)  explains: FFV Clean Krile + Lenna + Bartz.ips, FFV Clean Krile+Lenna.ips, FFV RPGe Clean Warriors.ips
  0x145ECA: expected 40, found 3F (conflict)  explains: FFV Clean Krile + Lenna + Bartz.ips, FFV Clean Krile+Lenna.ips, FFV RPGe Clean Warriors.ips
  0x145ECB: expected 3F, found 00 (still-clean)  explains: FFV Clean Krile + Lenna + Bartz.ips, FFV Clean Krile+Lenna.ips, FFV RPGe Clean Warriors.ips
  0x145ECC: expected FF, found 3E (conflict)  explains: FFV Clean Krile + Lenna + Bartz.ips, FFV Clean Krile+Lenna.ips, FFV RPGe Clean Warriors.ips
  0x145ED9: expected 00, found 0E (conflict)  explains: FFV Clean Krile + Lenna + Bartz.ips, FFV Clean Krile+Lenna.ips, FFV RPGe Clean Warriors.ips
  0x145EDB: expected 00, found 1F (conflict)  explains: FFV Clean Krile + Lenna + Bartz.ips, FFV Clean Krile+Lenna.ips, FFV RPGe Clean Warriors.ips
  0x145EDD: expected 00, found 1F (still-clean)  explains: FFV Clean Krile + Lenna + Bartz.ips, FFV Clean Krile+Lenna.ips, FFV RPGe Clean Warriors.ips
  0x145EEA: expected FD, found F4 (conflict)  explains: FFV Clean Krile + Lenna + Bartz.ips, FFV Clean Krile+Lenna.ips, FFV RPGe Clean Warriors.ips
  0x145EFB: expected 0A, found A8 (conflict)  explains: FFV Clean Krile + Lenna + Bartz.ips, FFV Clean Krile+Lenna.ips, FFV RPGe Clean Warriors.ips
  0x145FCC: expected 18, found 03 (conflict)  explains: FFV Clean Krile + Lenna + Bartz.ips, FFV Clean Krile+Lenna.ips, FFV RPGe Clean Warriors.ips
  0x145FCD: expected 07, found 00 (still-clean)  explains: FFV Clean Krile + Lenna + Bartz.ips, FFV Clean Krile+Lenna.ips, FFV RPGe Clean Warriors.ips
  0x145FCE: expected 21, found 1E (conflict)  explains: FFV Clean Krile + Lenna + Bartz.ips, FFV Clean Krile+Lenna.ips, FFV RPGe Clean Warriors.ips
  0x145FCF: expected 1E, found 01 (conflict)  explains: FFV Clean Krile + Lenna + Bartz.ips, FFV Clean Krile+Lenna.ips, FFV RPGe Clean Warriors.ips
  0x146000: expected 41, found 3D (conflict)  explains: FFV Clean Krile + Lenna + Bartz.ips, FFV Clean Krile+Lenna.ips, FFV RPGe Clean Warriors.ips
  0x146001: expected 3E, found 03 (conflict)  explains: FFV Clean Krile + Lenna + Bartz.ips, FFV Clean Krile+Lenna.ips, FFV RPGe Clean Warriors.ips
  0x146002: expected 60, found 7F (conflict)  explains: FFV Clean Krile + Lenna + Bartz.ips, FFV Clean Krile+Lenna.ips, FFV RPGe Clean Warriors.ips
  0x146003: expected 3F, found 00 (conflict)  explains: FFV Clean Krile + Lenna + Bartz.ips, FFV Clean Krile+Lenna.ips, FFV RPGe Clean Warriors.ips
  0x146004: expected BF, found 7C (conflict)  explains: FFV Clean Krile + Lenna + Bartz.ips, FFV Clean Krile+Lenna.ips, FFV RPGe Clean Warriors.ips
  0x146011: expected 00, found 1D (conflict)  explains: FFV Clean Krile + Lenna + Bartz.ips, FFV Clean Krile+Lenna.ips, FFV RPGe Clean Warriors.ips
  0x146013: expected 00, found 3F (still-clean)  explains: FFV Clean Krile + Lenna + Bartz.ips, FFV Clean Krile+Lenna.ips, FFV RPGe Clean Warriors.ips
  0x146015: expected 40, found 3F (conflict)  explains: FFV Clean Krile + Lenna + Bartz.ips, FFV Clean Krile+Lenna.ips, FFV RPGe Clean Warriors.ips
  0x146020: expected 7F, found 74 (conflict)  explains: FFV Clean Krile + Lenna + Bartz.ips, FFV Clean Krile+Lenna.ips, FFV RPGe Clean Warriors.ips
  0x146022: expected FF, found B4 (conflict)  explains: FFV Clean Krile + Lenna + Bartz.ips, FFV Clean Krile+Lenna.ips, FFV RPGe Clean Warriors.ips
  0x146031: expected 8A, found 28 (conflict)  explains: FFV Clean Krile + Lenna + Bartz.ips, FFV Clean Krile+Lenna.ips, FFV RPGe Clean Warriors.ips
  0x146033: expected 0A, found 88 (conflict)  explains: FFV Clean Krile + Lenna + Bartz.ips, FFV Clean Krile+Lenna.ips, FFV RPGe Clean Warriors.ips
  0x1461C6: expected 31, found 1E (conflict)  explains: FFV Clean Krile + Lenna + Bartz.ips, FFV Clean Krile+Lenna.ips, FFV RPGe Clean Warriors.ips
  0x1461C7: expected 0E, found 01 (conflict)  explains: FFV Clean Krile + Lenna + Bartz.ips, FFV Clean Krile+Lenna.ips, FFV RPGe Clean Warriors.ips
  0x1461C8: expected 40, found 3F (conflict)  explains: FFV Clean Krile + Lenna + Bartz.ips, FFV Clean Krile+Lenna.ips, FFV RPGe Clean Warriors.ips
  0x1461C9: expected 3F, found 00 (still-clean)  explains: FFV Clean Krile + Lenna + Bartz.ips, FFV Clean Krile+Lenna.ips, FFV RPGe Clean Warriors.ips
  0x1461CA: expected 40, found 3E (conflict)  explains: FFV Clean Krile + Lenna + Bartz.ips, FFV Clean Krile+Lenna.ips, FFV RPGe Clean Warriors.ips
  0x1461CB: expected 3F, found 01 (conflict)  explains: FFV Clean Krile + Lenna + Bartz.ips, FFV Clean Krile+Lenna.ips, FFV RPGe Clean Warriors.ips
  0x1461CC: expected FF, found 71 (conflict)  explains: FFV Clean Krile + Lenna + Bartz.ips, FFV Clean Krile+Lenna.ips, FFV RPGe Clean Warriors.ips
  0x1461D7: expected 00, found 0E (still-clean)
  0x1461D9: expected 00, found 1F (conflict)  explains: FFV Clean Krile + Lenna + Bartz.ips, FFV Clean Krile+Lenna.ips, FFV RPGe Clean Warriors.ips
  0x1461DB: expected 00, found 1F (conflict)  explains: FFV Clean Krile + Lenna + Bartz.ips, FFV Clean Krile+Lenna.ips, FFV RPGe Clean Warriors.ips
  0x1461DD: expected 00, found 0E (conflict)  explains: FFV Clean Krile + Lenna + Bartz.ips, FFV Clean Krile+Lenna.ips, FFV RPGe Clean Warriors.ips
  0x1461EA: expected FF, found 7E (conflict)  explains: FFV Clean Krile + Lenna + Bartz.ips, FFV Clean Krile+Lenna.ips, FFV RPGe Clean Warriors.ips
  0x1461FB: expected 0A, found 94 (conflict)  explains: FFV Clean Krile + Lenna + Bartz.ips, FFV Clean Krile+Lenna.ips, FFV RPGe Clean Warriors.ips
  0x146286: expected 3F, found 2F (conflict)  explains: FFV Clean Krile + Lenna + Bartz.ips, FFV Clean Krile+Lenna.ips, FFV RPGe Clean Warriors.ips
  0x146288: expected 47, found 11 (conflict)  explains: FFV Clean Krile + Lenna + Bartz.ips, FFV Clean Krile+Lenna.ips, FFV RPGe Clean Warriors.ips
  0x146289: expected 3E, found 0E (conflict)  explains: FFV Clean Krile + Lenna + Bartz.ips, FFV Clean Krile+Lenna.ips, FFV RPGe Clean Warriors.ips
  0x14628A: expected 47, found 39 (conflict)  explains: FFV Clean Krile + Lenna + Bartz.ips, FFV Clean Krile+Lenna.ips, FFV RPGe Clean Warriors.ips
  0x14628B: expected 3C, found 06 (conflict)  explains: FFV Clean Krile + Lenna + Bartz.ips, FFV Clean Krile+Lenna.ips, FFV RPGe Clean Warriors.ips
  0x14628C: expected 8F, found 3B (conflict)  explains: FFV Clean Krile + Lenna + Bartz.ips, FFV Clean Krile+Lenna.ips, FFV RPGe Clean Warriors.ips
  0x14628D: expected 7C, found 04 (conflict)  explains: FFV Clean Krile + Lenna + Bartz.ips, FFV Clean Krile+Lenna.ips, FFV RPGe Clean Warriors.ips
  0x14628E: expected 9F, found 73 (conflict)  explains: FFV Clean Krile + Lenna + Bartz.ips, FFV Clean Krile+Lenna.ips, FFV RPGe Clean Warriors.ips
  0x14628F: expected 78, found 0C (conflict)  explains: FF5 Character Change 0.3 (Record Keeper sprites by Tsushiy).ips, FFV Clean Krile + Lenna + Bartz.ips, FFV Clean Krile+Lenna.ips
  0x146297: expected 0C, found 08 (conflict)  explains: FFV Clean Krile + Lenna + Bartz.ips, FFV Clean Krile+Lenna.ips, FFV RPGe Clean Warriors.ips
  0x146299: expected 00, found 02 (conflict)  explains: FFV Clean Krile + Lenna + Bartz.ips, FFV Clean Krile+Lenna.ips, FFV RPGe Clean Warriors.ips
  ... 15 more mismatched bytes omitted

=== mine\unchibi Jobless v1.0 (RPGe).ips [PARTIAL, 91.3% of 24234 informative bytes, delta 0] ===
  0x00FFDC: expected 0E, found BF (conflict)  explains: FFV - Weapon 1.7 Equip for Thief, Ninja.ips, FFV Clean - Serity's Equip Icons upgrade.ips
  0x00FFDD: expected 17, found 3E (conflict)  explains: FFV - Weapon 1.7 Equip for Thief, Ninja.ips, FFV Clean - Serity's Equip Icons upgrade.ips
  0x00FFDE: expected F1, found 40 (conflict)  explains: FFV - Weapon 1.7 Equip for Thief, Ninja.ips, FFV Clean - Serity's Equip Icons upgrade.ips
  0x00FFDF: expected E8, found C1 (conflict)  explains: FFV - Weapon 1.7 Equip for Thief, Ninja.ips
  0x141052: expected 02, found 00 (conflict)  explains: FFV Clean Krile + Lenna + Bartz.ips, FFV Clean Krile+Lenna.ips, FFV RPGe Clean Warriors.ips
  0x141053: expected 11, found 13 (conflict)  explains: FFV Clean Krile + Lenna + Bartz.ips, FFV Clean Krile+Lenna.ips, FFV RPGe Clean Warriors.ips
  0x14106B: expected B0, found 30 (conflict)  explains: FFV Clean Krile + Lenna + Bartz.ips, FFV Clean Krile+Lenna.ips, FFV RPGe Clean Warriors.ips
  0x141070: expected C4, found E4 (conflict)  explains: FFV Clean Krile + Lenna + Bartz.ips, FFV Clean Krile+Lenna.ips, FFV ReJobbed Unchibi Krile by xJ4cks.ips
  0x14107A: expected B0, found 30 (conflict)  explains: FFV Clean Krile + Lenna + Bartz.ips, FFV Clean Krile+Lenna.ips, FFV RPGe Clean Warriors.ips
  0x14107C: expected 78, found F8 (conflict)  explains: FFV Clean Krile + Lenna + Bartz.ips, FFV Clean Krile+Lenna.ips, FFV RPGe Clean Warriors.ips
  0x14107D: expected 40, found C0 (conflict)  explains: FFV Clean Krile + Lenna + Bartz.ips, FFV Clean Krile+Lenna.ips, FFV RPGe Clean Warriors.ips
  0x141180: expected 92, found 4D (conflict)  explains: FFV Clean Krile + Lenna + Bartz.ips, FFV Clean Krile+Lenna.ips, FFV RPGe Clean Warriors.ips
  0x141181: expected 0C, found 06 (conflict)  explains: FFV Clean Krile + Lenna + Bartz.ips, FFV Clean Krile+Lenna.ips, FFV RPGe Clean Warriors.ips
  0x141182: expected 9A, found 4D (conflict)  explains: FFV Clean Krile + Lenna + Bartz.ips, FFV Clean Krile+Lenna.ips, FFV RPGe Clean Warriors.ips
  0x141184: expected 69, found 34 (conflict)  explains: FFV Clean Krile + Lenna + Bartz.ips, FFV Clean Krile+Lenna.ips, FFV RPGe Clean Warriors.ips
  0x141186: expected 14, found 0B (conflict)  explains: FFV Clean Krile + Lenna + Bartz.ips, FFV Clean Krile+Lenna.ips, FFV RPGe Clean Warriors.ips
  0x141187: expected 0F, found 06 (conflict)  explains: FFV Clean Krile + Lenna + Bartz.ips, FFV Clean Krile+Lenna.ips, FFV RPGe Clean Warriors.ips
  0x141188: expected 31, found 18 (conflict)  explains: FFV Clean Krile + Lenna + Bartz.ips, FFV Clean Krile+Lenna.ips, FFV RPGe Clean Warriors.ips
  0x14118A: expected 4A, found 25 (conflict)  explains: FFV Clean Krile + Lenna + Bartz.ips, FFV Clean Krile+Lenna.ips, FFV RPGe Clean Warriors.ips
  0x14118C: expected 35, found 1B (conflict)  explains: FFV Clean Krile + Lenna + Bartz.ips, FFV Clean Krile+Lenna.ips, FFV RPGe Clean Warriors.ips
  0x141190: expected 6D, found 36 (conflict)  explains: FFV Clean Krile + Lenna + Bartz.ips, FFV Clean Krile+Lenna.ips, FFV RPGe Clean Warriors.ips
  0x141192: expected 45, found 22 (conflict)  explains: FFV Clean Krile + Lenna + Bartz.ips, FFV Clean Krile+Lenna.ips, FFV RPGe Clean Warriors.ips
  0x141196: expected 0F, found 06 (conflict)  explains: FFV Clean Krile + Lenna + Bartz.ips, FFV Clean Krile+Lenna.ips, FFV RPGe Clean Warriors.ips
  0x141198: expected 1C, found 0E (conflict)  explains: FFV Clean Krile + Lenna + Bartz.ips, FFV Clean Krile+Lenna.ips, FFV RPGe Clean Warriors.ips
  0x141199: expected 02, found 01 (conflict)  explains: FFV Clean Krile + Lenna + Bartz.ips, FFV Clean Krile+Lenna.ips, FFV RPGe Clean Warriors.ips
  0x14119A: expected 39, found 1C (conflict)  explains: FFV Clean Krile + Lenna + Bartz.ips, FFV Clean Krile+Lenna.ips, FFV RPGe Clean Warriors.ips
  0x1411A0: expected 6C, found 36 (conflict)  explains: FFV Clean Krile + Lenna + Bartz.ips, FFV Clean Krile+Lenna.ips, FFV RPGe Clean Warriors.ips
  0x1411A1: expected 40, found 20 (conflict)  explains: FFV Clean Krile + Lenna + Bartz.ips, FFV Clean Krile+Lenna.ips, FFV ReJobbed Unchibi Krile by xJ4cks.ips
  0x1411A2: expected 58, found 2C (conflict)  explains: FFV Clean Krile + Lenna + Bartz.ips, FFV Clean Krile+Lenna.ips, FFV RPGe Clean Warriors.ips
  0x1411A3: expected 40, found 20 (conflict)  explains: FFV Clean Krile + Lenna + Bartz.ips, FFV Clean Krile+Lenna.ips, FFV ReJobbed Unchibi Krile by xJ4cks.ips
  0x1411A4: expected E0, found F0 (conflict)  explains: FF5 Character Change 0.3 (Record Keeper sprites by Tsushiy).ips, FFV Clean Krile + Lenna + Bartz.ips, FFV Clean Krile+Lenna.ips
  0x1411A6: expected C0, found 60 (conflict)  explains: FFV Clean Krile + Lenna + Bartz.ips, FFV Clean Krile+Lenna.ips, FFV RPGe Clean Warriors.ips
  0x1411A7: expected 80, found C0 (conflict)  explains: FF5 Character Change 0.3 (Record Keeper sprites by Tsushiy).ips, FFV Clean Krile + Lenna + Bartz.ips, FFV Clean Krile+Lenna.ips
  0x1411A8: expected 60, found B0 (conflict)  explains: FFV Clean Krile + Lenna + Bartz.ips, FFV Clean Krile+Lenna.ips, FFV RPGe Clean Warriors.ips
  0x1411A9: expected 40, found 20 (conflict)  explains: FFV Clean Krile + Lenna + Bartz.ips, FFV Clean Krile+Lenna.ips, FFV RPGe Clean Warriors.ips
  0x1411AA: expected 70, found 38 (still-clean)
  0x1411AB: expected 60, found 30 (still-clean)
  0x1411AC: expected A0, found D0 (still-clean)
  0x1411AD: expected C0, found 60 (still-clean)
  0x1411AE: expected C0, found 60 (still-clean)
  0x1411B0: expected 98, found CC (conflict)  explains: FFV Clean Krile + Lenna + Bartz.ips, FFV Clean Krile+Lenna.ips, FFV RPGe Clean Warriors.ips
  0x1411B1: expected 58, found 2C (conflict)  explains: FFV Clean Krile + Lenna + Bartz.ips, FFV Clean Krile+Lenna.ips, FFV RPGe Clean Warriors.ips
  0x1411B2: expected 80, found C0 (conflict)  explains: FFV Clean Krile + Lenna + Bartz.ips, FFV Clean Krile+Lenna.ips, FFV RPGe Clean Warriors.ips
  0x1411B3: expected 60, found 30 (conflict)  explains: FFV Clean Krile + Lenna + Bartz.ips, FFV Clean Krile+Lenna.ips, FFV ReJobbed Unchibi Krile by xJ4cks.ips
  0x1411B6: expected 80, found C0 (conflict)  explains: FF5 Character Change 0.3 (Record Keeper sprites by Tsushiy).ips, FFV Clean Krile + Lenna + Bartz.ips, FFV Clean Krile+Lenna.ips
  0x1411B8: expected C0, found 60 (conflict)  explains: FFV Clean Krile + Lenna + Bartz.ips, FFV Clean Krile+Lenna.ips, FFV RPGe Clean Warriors.ips
  0x1411BA: expected 60, found B0 (conflict)  explains: FFV Clean Krile + Lenna + Bartz.ips, FFV Clean Krile+Lenna.ips, FFV RPGe Clean Warriors.ips
  0x1411BB: expected 80, found 40 (conflict)  explains: FFV Clean Krile + Lenna + Bartz.ips, FFV Clean Krile+Lenna.ips, FFV RPGe Clean Warriors.ips
  0x1411BC: expected C0, found 60 (still-clean)
  0x1412A6: expected 0A, found 0B (conflict)  explains: FFV Clean Krile + Lenna + Bartz.ips, FFV Clean Krile+Lenna.ips, FFV RPGe Clean Warriors.ips
  0x1412A7: expected 07, found 06 (conflict)  explains: FFV Clean Krile + Lenna + Bartz.ips, FFV Clean Krile+Lenna.ips, FFV RPGe Clean Warriors.ips
  0x1412AC: expected 1A, found 1B (conflict)  explains: FFV Clean Krile + Lenna + Bartz.ips, FFV Clean Krile+Lenna.ips, FFV RPGe Clean Warriors.ips
  0x1412B6: expected 07, found 06 (conflict)  explains: FFV Clean Krile + Lenna + Bartz.ips, FFV Clean Krile+Lenna.ips, FFV RPGe Clean Warriors.ips
  0x1412D2: expected 02, found 00 (conflict)  explains: FFV Clean Krile + Lenna + Bartz.ips, FFV Clean Krile+Lenna.ips, FFV RPGe Clean Warriors.ips
  0x1412D3: expected 11, found 13 (conflict)  explains: FFV Clean Krile + Lenna + Bartz.ips, FFV Clean Krile+Lenna.ips, FFV RPGe Clean Warriors.ips
  0x141306: expected 0A, found 0B (conflict)  explains: FFV Clean Krile + Lenna + Bartz.ips, FFV Clean Krile+Lenna.ips, FFV RPGe Clean Warriors.ips
  0x141307: expected 07, found 06 (conflict)  explains: FFV Clean Krile + Lenna + Bartz.ips, FFV Clean Krile+Lenna.ips, FFV RPGe Clean Warriors.ips
  0x141308: expected 18, found 1E (conflict)  explains: FFV Clean Krile + Lenna + Bartz.ips, FFV Clean Krile+Lenna.ips, FFV RPGe Clean Warriors.ips
  0x14130A: expected 25, found 26 (conflict)  explains: FFV Clean Krile + Lenna + Bartz.ips, FFV Clean Krile+Lenna.ips, FFV RPGe Clean Warriors.ips
  0x14130C: expected 1A, found 1B (conflict)  explains: FFV Clean Krile + Lenna + Bartz.ips, FFV Clean Krile+Lenna.ips, FFV RPGe Clean Warriors.ips
  0x141316: expected 07, found 06 (conflict)  explains: FFV Clean Krile + Lenna + Bartz.ips, FFV Clean Krile+Lenna.ips, FFV RPGe Clean Warriors.ips
  0x141318: expected 0E, found 09 (conflict)  explains: FFV Clean Krile + Lenna + Bartz.ips, FFV Clean Krile+Lenna.ips, FFV RPGe Clean Warriors.ips
  0x141319: expected 01, found 00 (still-clean)  explains: FFV Clean Krile + Lenna + Bartz.ips, FFV Clean Krile+Lenna.ips, FFV RPGe Clean Warriors.ips
  0x14131A: expected 1C, found 1D (conflict)  explains: FFV Clean Krile + Lenna + Bartz.ips, FFV Clean Krile+Lenna.ips, FFV RPGe Clean Warriors.ips
  ... 2038 more mismatched bytes omitted

=== plz sort\Cid canon sprites FFVJ - xJ4cks .ips [PARTIAL, 92.5% of 586 informative bytes, delta 0] ===
  0x1A2550: expected 40, found 41 (conflict)  explains: FF5r ALT CID.ips
  0x1A2551: expected 7A, found 7B (conflict)  explains: FF5r ALT CID.ips
  0x1A2553: expected 67, found 77 (still-clean)  explains: FF5r ALT CID.ips
  0x1A2555: expected 47, found 77 (still-clean)  explains: FF5r ALT CID.ips
  0x1A2557: expected 00, found 02 (still-clean)
  0x1AB852: expected 02, found 12 (conflict)  explains: FF5r ALT CID.ips
  0x1AB853: expected 2C, found 3C (still-clean)
  0x1AB870: expected C0, found D0 (conflict)  explains: FF5r ALT CID.ips
  0x1AB871: expected 08, found 18 (still-clean)  explains: FF5r ALT CID.ips
  0x1AB879: expected 60, found E0 (still-clean)  explains: FF5r ALT CID.ips
  0x1AB87B: expected 40, found 60 (still-clean)
  0x1AB8C0: expected 37, found 1B (conflict)  explains: FF5r ALT CID.ips
  0x1AB8C1: expected 01, found 02 (conflict)  explains: FF5r ALT CID.ips
  0x1AB8C2: expected 6F, found 37 (conflict)  explains: FF5r ALT CID.ips
  0x1AB8D0: expected 03, found 07 (conflict)  explains: FF5r ALT CID.ips
  0x1AB8D1: expected 10, found 0C (conflict)  explains: FF5r ALT CID.ips
  0x1AB8D3: expected 2F, found 1F (conflict)  explains: FF5r ALT CID.ips
  0x1AB8E1: expected 80, found 00 (still-clean)  explains: FF5r ALT CID.ips
  0x1AB8F0: expected C0, found 48 (conflict)  explains: FF5r ALT CID.ips
  0x1AB8F1: expected 14, found 1C (conflict)  explains: FF5r ALT CID.ips
  0x1AB8F3: expected 3E, found FE (conflict)  explains: FF5r ALT CID.ips
  0x1AB8F9: expected B0, found F0 (conflict)  explains: FF5r ALT CID.ips
  0x1AB8FB: expected A0, found B0 (conflict)  explains: FF5r ALT CID.ips
  0x1AB924: expected 30, found 10 (still-clean)  explains: FF5r ALT CID.ips
  0x1AB970: expected 40, found 50 (conflict)  explains: FF5r ALT CID.ips
  0x1AB971: expected 20, found 30 (conflict)  explains: FF5r ALT CID.ips
  0x1AB97B: expected 00, found 20 (conflict)  explains: FF5r ALT CID.ips
  0x1AB9A4: expected 30, found 10 (still-clean)  explains: FF5r ALT CID.ips
  0x1AB9A5: expected 00, found 20 (still-clean)  explains: FF5r ALT CID.ips
  0x1AB9AB: expected C0, found D0 (conflict)  explains: FF5r ALT CID.ips
  0x1AB9DB: expected 0C, found 0E (still-clean)  explains: FF5r ALT CID.ips
  0x1AB9F3: expected B0, found F0 (still-clean)  explains: FF5r ALT CID.ips
  0x1AB9F9: expected 00, found 80 (still-clean)  explains: FF5r ALT CID.ips
  0x1AB9FB: expected 80, found C0 (still-clean)
  0x1ABB1E: expected 04, found 0C (conflict)  explains: FF5r ALT CID.ips
  0x1ABB1F: expected 10, found 18 (still-clean)  explains: FF5r ALT CID.ips
  0x1ABB79: expected 60, found E0 (still-clean)  explains: FF5r ALT CID.ips
  0x1ABB7B: expected 40, found 60 (still-clean)
  0x1ABBD9: expected 03, found 07 (still-clean)  explains: FF5r ALT CID.ips
  0x1ABBDB: expected 06, found 0E (still-clean)  explains: FF5r ALT CID.ips
  0x1ABBF0: expected C0, found D0 (conflict)  explains: FF5r ALT CID.ips
  0x1ABBF1: expected 08, found 18 (still-clean)  explains: FF5r ALT CID.ips
  0x1ABBF9: expected C0, found E0 (still-clean)  explains: FF5r ALT CID.ips
  0x1ABBFB: expected 60, found F0 (still-clean)

=== plz sort\FF5Clean Castlevania3 Font (xJ4cks & sleepyren).ips [PARTIAL, 60.1% of 1347 informative bytes, delta 0] ===
  0x11F201: expected 0C, found 18 (conflict)
  0x11F203: expected 06, found 3C (conflict)
  0x11F205: expected 0E, found 66 (conflict)
  0x11F207: expected 16, found 66 (conflict)
  0x11F209: expected 26, found 7E (conflict)
  0x11F20B: expected 7E, found 66 (conflict)
  0x11F211: expected DC, found FC (conflict)  explains: PS1 Font.ips, Final Fantasy V (J) [T+Spa1.06f_noisecross][CRC32_4BADF779].ips
  0x11F217: expected 68, found 7C (conflict)
  0x11F219: expected 64, found 66 (conflict)
  0x11F21D: expected DC, found FC (conflict)  explains: PS1 Font.ips, Final Fantasy V (J) [T+Spa1.06f_noisecross][CRC32_4BADF779].ips
  0x11F221: expected 1C, found 3C (conflict)  explains: Final Fantasy V (J) [T+Spa1.06f_noisecross][CRC32_4BADF779].ips
  0x11F223: expected 2A, found 66 (conflict)  explains: Final Fantasy V (J) [T+Spa1.06f_noisecross][CRC32_4BADF779].ips
  0x11F225: expected 48, found C0 (conflict)  explains: PS1 Font.ips, Final Fantasy V (J) [T+Spa1.06f_noisecross][CRC32_4BADF779].ips
  0x11F227: expected 58, found C0 (still-clean)  explains: Final Fantasy V - GBA Script Port.ips, PS1 Font.ips, Final Fantasy V (J) [T+Spa1.06f_noisecross][CRC32_4BADF779].ips
  0x11F229: expected 70, found C0 (still-clean)  explains: Final Fantasy V - GBA Script Port.ips, PS1 Font.ips, Final Fantasy V (J) [T+Spa1.06f_noisecross][CRC32_4BADF779].ips
  0x11F22B: expected 22, found 66 (conflict)  explains: Final Fantasy V (J) [T+Spa1.06f_noisecross][CRC32_4BADF779].ips
  0x11F22D: expected 1C, found 3C (conflict)  explains: GBA Font.ips, Final Fantasy V (J) [T+Spa1.06f_noisecross][CRC32_4BADF779].ips
  0x11F231: expected D0, found F8 (conflict)
  0x11F233: expected 68, found 6C (conflict)
  0x11F235: expected 64, found 66 (conflict)
  0x11F23B: expected 64, found 6C (conflict)
  0x11F23D: expected D8, found F8 (conflict)
  0x11F241: expected DC, found FE (conflict)  explains: PS1 Font.ips, Final Fantasy V (J) [T+Spa1.06f_noisecross][CRC32_4BADF779].ips
  0x11F245: expected 60, found 68 (conflict)
  0x11F249: expected 60, found 68 (conflict)
  0x11F24D: expected DE, found FE (conflict)  explains: PS1 Font.ips, Final Fantasy V (J) [T+Spa1.06f_noisecross][CRC32_4BADF779].ips
  0x11F251: expected DC, found FE (conflict)  explains: PS1 Font.ips, Final Fantasy V (J) [T+Spa1.06f_noisecross][CRC32_4BADF779].ips
  0x11F255: expected 60, found 68 (conflict)
  0x11F259: expected 60, found 68 (conflict)
  0x11F261: expected 1C, found 3C (conflict)
  0x11F263: expected 22, found 66 (conflict)
  0x11F265: expected 60, found C2 (still-clean)  explains: Final Fantasy V - GBA Script Port.ips, [5665]ff5_dbl_xp_gold_abp.zip::FFV Clean v195.ips, Final Fantasy V-Pixel Freemaster (v4.85 by Nintenja and Various authors).7z::Final Fantasy V-Pixel Freemaster (All Jobs Unlocked not included & No 2x abp,gil,xp).ips
  0x11F267: expected 6E, found C0 (still-clean)  explains: Final Fantasy V - GBA Script Port.ips, [5665]ff5_dbl_xp_gold_abp.zip::FFV Clean v195.ips, Final Fantasy V-Pixel Freemaster (v4.85 by Nintenja and Various authors).7z::Final Fantasy V-Pixel Freemaster (All Jobs Unlocked not included & No 2x abp,gil,xp).ips
  0x11F269: expected 66, found CE (conflict)
  0x11F26B: expected 26, found 66 (conflict)
  0x11F26D: expected 1C, found 3E (conflict)  explains: Final Fantasy V Tweaks v2.7a.ips
  0x11F271: expected C3, found 66 (conflict)
  0x11F277: expected 6E, found 7E (conflict)
  0x11F27D: expected C3, found 66 (conflict)
  0x11F281: expected 0C, found 3C (conflict)  explains: PS1 Font.ips, Final Fantasy V (J) [T+Spa1.06f_noisecross][CRC32_4BADF779].ips
  0x11F28D: expected 30, found 3C (conflict)  explains: PS1 Font.ips, Final Fantasy V (J) [T+Spa1.06f_noisecross][CRC32_4BADF779].ips
  0x11F299: expected 6C, found CC (conflict)
  0x11F29B: expected 4C, found CC (conflict)  explains: Final Fantasy V (J) [T+Spa1.06f_noisecross][CRC32_4BADF779].ips
  0x11F29D: expected 38, found 78 (conflict)  explains: PS1 Font.ips, Final Fantasy V (J) [T+Spa1.06f_noisecross][CRC32_4BADF779].ips
  0x11F2A1: expected CE, found E6 (conflict)
  0x11F2A3: expected 64, found 66 (conflict)  explains: Final Fantasy V Tweaks v2.7a.ips
  0x11F2A5: expected 68, found 6C (conflict)  explains: Final Fantasy V Tweaks v2.7a.ips
  0x11F2A7: expected 70, found 78 (conflict)  explains: Final Fantasy V Tweaks v2.7a.ips
  0x11F2B1: expected C0, found F8 (conflict)
  0x11F2B9: expected 60, found 62 (conflict)
  0x11F2BB: expected 62, found 66 (conflict)
  0x11F2BD: expected DE, found FE (conflict)  explains: PS1 Font.ips, Final Fantasy V (J) [T+Spa1.06f_noisecross][CRC32_4BADF779].ips
  0x11F2C1: expected C3, found C6 (conflict)  explains: PS1 Font.ips
  0x11F2C3: expected 66, found EE (conflict)  explains: PS1 Font.ips
  0x11F2C5: expected 7E, found FE (conflict)  explains: PS1 Font.ips
  0x11F2C7: expected 76, found FE (still-clean)  explains: Final Fantasy V - GBA Script Port.ips, Final Fantasy V (J) [T+Spa1.06f_noisecross][CRC32_4BADF779].ips, [5665]ff5_dbl_xp_gold_abp.zip::FFV Clean v195.ips
  0x11F2C9: expected 66, found D6 (still-clean)  explains: Final Fantasy V - GBA Script Port.ips, Final Fantasy V (J) [T+Spa1.06f_noisecross][CRC32_4BADF779].ips, [5665]ff5_dbl_xp_gold_abp.zip::FFV Clean v195.ips
  0x11F2CB: expected 66, found C6 (still-clean)  explains: Final Fantasy V - GBA Script Port.ips, PS1 Font.ips, Final Fantasy V (J) [T+Spa1.06f_noisecross][CRC32_4BADF779].ips
  0x11F2CD: expected CC, found C6 (still-clean)  explains: Final Fantasy V - GBA Script Port.ips, PS1 Font.ips, Final Fantasy V (J) [T+Spa1.06f_noisecross][CRC32_4BADF779].ips
  0x11F2D1: expected C1, found C6 (conflict)
  0x11F2D3: expected 62, found E6 (conflict)
  0x11F2D5: expected 72, found F6 (conflict)
  0x11F2D7: expected 6A, found DE (conflict)
  0x11F2D9: expected 66, found CE (conflict)  explains: Final Fantasy V (J) [T+Spa1.06f_noisecross][CRC32_4BADF779].ips
  ... 473 more mismatched bytes omitted

=== plz sort\FFV Clean - Serity's Equip Icons upgrade.ips [PARTIAL, 88.1% of 160 informative bytes, delta 0] ===
  0x2FA509: expected 14, found 15 (conflict)
  0x2FA514: expected 0C, found 0D (conflict)
  0x2FA527: expected 14, found 15 (conflict)
  0x2FA52C: expected 55, found 50 (conflict)
  0x2FA533: expected 3C, found 41 (conflict)
  0x2FA62E: expected 06, found 02 (conflict)
  0x2FA633: expected 10, found 04 (conflict)
  0x2FA636: expected EE, found D0 (conflict)
  0x2FA638: expected 40, found 10 (conflict)
  0x2FA63B: expected F0, found EE (conflict)
  0x2FA63D: expected 08, found 40 (conflict)
  0x2FA640: expected ED, found F0 (conflict)
  0x2FA642: expected 20, found 08 (conflict)
  0x2FA645: expected EF, found ED (conflict)
  0x2FA647: expected 80, found 20 (conflict)
  0x2FA64A: expected C8, found EF (conflict)
  0x2FA680: expected 03, found 01 (conflict)
  0x2FA681: expected F4, found CC (conflict)
  0x2FA685: expected 04, found 02 (conflict)

=== plz sort\Krile Freelancer Fixer v3 - xJ4cks .ips [APPLIED, 99.3% of 824 informative bytes, delta 0] ===
  0x00FFDC: expected BC, found BF (conflict)  explains: FFV - Weapon 1.7 Equip for Thief, Ninja.ips, FFV Clean - Serity's Equip Icons upgrade.ips
  0x00FFDD: expected 68, found 3E (conflict)  explains: FFV - Weapon 1.7 Equip for Thief, Ninja.ips, FFV Clean - Serity's Equip Icons upgrade.ips
  0x00FFDE: expected 43, found 40 (conflict)  explains: FFV - Weapon 1.7 Equip for Thief, Ninja.ips, FFV Clean - Serity's Equip Icons upgrade.ips
  0x00FFDF: expected 97, found C1 (conflict)  explains: FFV - Weapon 1.7 Equip for Thief, Ninja.ips
  0x14B160: expected 00, found 19 (still-clean)
  0x14B161: expected 00, found 21 (still-clean)

=== plz sort\new Krile - xJ4cks .ips [APPLIED, 99.4% of 1036 informative bytes, delta 0] ===
  0x00FFDC: expected BC, found BF (conflict)  explains: FFV - Weapon 1.7 Equip for Thief, Ninja.ips, FFV Clean - Serity's Equip Icons upgrade.ips
  0x00FFDD: expected 68, found 3E (conflict)  explains: FFV - Weapon 1.7 Equip for Thief, Ninja.ips, FFV Clean - Serity's Equip Icons upgrade.ips
  0x00FFDE: expected 43, found 40 (conflict)  explains: FFV - Weapon 1.7 Equip for Thief, Ninja.ips, FFV Clean - Serity's Equip Icons upgrade.ips
  0x00FFDF: expected 97, found C1 (conflict)  explains: FFV - Weapon 1.7 Equip for Thief, Ninja.ips
  0x14B160: expected 00, found 19 (still-clean)
  0x14B161: expected 00, found 21 (still-clean)

=== backups, other ppls patches\[5665]ff5_dbl_xp_gold_abp.zip::FFV Clean v195.ips [PARTIAL, 67.5% of 360788 informative bytes, delta 0] ===
  0x001D7D: expected 70, found A0 (conflict)
  0x001D7E: expected F0, found F1 (conflict)
  0x001D81: expected 81, found A0 (conflict)
  0x001D82: expected F0, found F1 (conflict)
  0x00F9AF: expected 70, found 6E (conflict)
  0x00F9B1: expected 76, found 74 (conflict)
  0x00F9B3: expected 7A, found 78 (conflict)
  0x00F9B5: expected 80, found 7E (conflict)
  0x00F9B7: expected 82, found 80 (conflict)
  0x00F9B9: expected 89, found 87 (conflict)
  0x00F9BB: expected 8D, found 8B (conflict)
  0x00F9BD: expected 91, found 8F (conflict)
  0x00F9BF: expected 98, found 96 (conflict)
  0x00F9C1: expected 9F, found 9D (conflict)
  0x00F9C3: expected A6, found A4 (conflict)
  0x00F9C5: expected AB, found A9 (conflict)
  0x00F9C7: expected B0, found AE (conflict)
  0x00F9C9: expected B5, found B3 (conflict)
  0x00F9CB: expected BD, found BB (conflict)
  0x00F9CD: expected C3, found C1 (conflict)
  0x00F9CF: expected CA, found C8 (conflict)
  0x00F9D1: expected D2, found D0 (conflict)
  0x00F9D3: expected DC, found DA (conflict)
  0x00F9D5: expected E6, found E4 (conflict)
  0x00F9D7: expected EE, found EC (conflict)
  0x00F9D9: expected F3, found F1 (conflict)
  0x00F9DB: expected F5, found F3 (conflict)
  0x00F9DD: expected F7, found F5 (conflict)
  0x00F9DF: expected 00, found FE (conflict)
  0x00F9E1: expected 09, found 07 (conflict)
  0x00F9E3: expected 0A, found 08 (conflict)
  0x00F9E5: expected 0B, found 09 (conflict)
  0x00F9E7: expected 14, found 12 (conflict)
  0x00F9E9: expected 16, found 14 (conflict)
  0x00F9EB: expected 19, found 17 (conflict)
  0x00F9ED: expected 2E, found 2C (conflict)
  0x00F9EF: expected 32, found 30 (conflict)
  0x00F9F1: expected 36, found 34 (conflict)
  0x00F9F3: expected 3A, found 38 (conflict)
  0x00F9F5: expected 3F, found 3D (conflict)
  0x00F9F7: expected 49, found 47 (conflict)
  0x00F9F9: expected 53, found 51 (conflict)
  0x00F9FB: expected 67, found 65 (conflict)
  0x00F9FD: expected 73, found 71 (conflict)
  0x00F9FF: expected 88, found 86 (conflict)
  0x00FA01: expected 9D, found 9B (conflict)
  0x00FA03: expected B3, found B1 (conflict)
  0x00FA05: expected C0, found BE (conflict)
  0x00FA07: expected D4, found D2 (conflict)  explains: Final Fantasy V (J) [T+Spa1.06f_noisecross][CRC32_4BADF779].ips
  0x00FA09: expected D9, found D7 (conflict)
  0x00FA0B: expected DE, found DC (conflict)
  0x00FA0D: expected E4, found E2 (conflict)
  0x00FA0F: expected EA, found E8 (conflict)
  0x00FA11: expected F0, found EE (conflict)
  0x00FA13: expected F5, found F3 (conflict)
  0x00FA15: expected FB, found F9 (conflict)
  0x00FA17: expected 01, found FF (conflict)
  0x00FA19: expected 0D, found 0B (conflict)
  0x00FA1B: expected 13, found 11 (conflict)  explains: Final Fantasy V (J) [T+Spa1.06f_noisecross][CRC32_4BADF779].ips
  0x00FA1D: expected 18, found 16 (conflict)
  0x00FA1F: expected 20, found 1E (conflict)
  0x00FA21: expected 21, found 1F (conflict)
  0x00FA23: expected 27, found 25 (conflict)
  0x00FA25: expected 2C, found 2A (conflict)
  ... 117325 more mismatched bytes omitted

=== backups, other ppls patches\Game versions\[5790]Super_Custom_Classes_v100 - ludmeister + FlamePurge.zip::Super_Custom_Classes_v100.ips [PARTIAL, 61.7% of 1845 informative bytes, delta 0] ===
  0x00ED61: expected 01, found 00 (still-clean)
  0x00ED62: expected 01, found 00 (still-clean)
  0x00ED63: expected 01, found 00 (still-clean)
  0x00ED64: expected 01, found 00 (still-clean)
  0x00ED65: expected 01, found 00 (still-clean)
  0x00ED66: expected 01, found 00 (still-clean)
  0x00ED67: expected 01, found 00 (still-clean)
  0x00ED68: expected 01, found 00 (still-clean)
  0x00ED69: expected 01, found 00 (still-clean)
  0x00ED6A: expected 01, found 00 (still-clean)
  0x00ED6B: expected 01, found 00 (still-clean)
  0x00ED6C: expected 01, found 00 (still-clean)
  0x00ED6D: expected 01, found 00 (still-clean)
  0x00ED6E: expected 01, found 00 (still-clean)
  0x00ED6F: expected 01, found 00 (still-clean)
  0x00ED70: expected 01, found 00 (still-clean)
  0x00ED71: expected 01, found 00 (still-clean)
  0x00ED72: expected 01, found 00 (still-clean)
  0x00ED73: expected 01, found 00 (still-clean)
  0x00ED74: expected 01, found 00 (still-clean)
  0x00ED76: expected 01, found 02 (still-clean)
  0x024C87: expected A9, found B9 (still-clean)  explains: anti_ff5_learning.ips
  0x024C88: expected 10, found 20 (still-clean)  explains: anti_ff5_learning.ips
  0x024C89: expected EA, found 20 (still-clean)  explains: anti_ff5_learning.ips
  0x02B4F6: expected EA, found 3A (still-clean)
  0x02CF30: expected 80, found D0 (still-clean)
  0x02CF31: expected 00, found 07 (still-clean)
  0x1101F0: expected 55, found 5A (still-clean)
  0x1101F1: expected 04, found 00 (still-clean)
  0x1101FC: expected 55, found 5A (still-clean)
  0x1101FD: expected 06, found 02 (still-clean)
  0x110208: expected 55, found 5A (still-clean)
  0x110209: expected 04, found 00 (still-clean)
  0x110214: expected 55, found 5A (still-clean)
  0x110215: expected 04, found 00 (still-clean)
  0x110220: expected 55, found 5A (still-clean)
  0x110221: expected 04, found 00 (still-clean)
  0x11022C: expected 55, found 5A (still-clean)
  0x11022D: expected 04, found 00 (still-clean)
  0x110238: expected 55, found 5A (still-clean)
  0x110239: expected 24, found 20 (still-clean)
  0x110244: expected 55, found 5A (still-clean)
  0x110245: expected 04, found 00 (still-clean)
  0x1153DB: expected 01, found 0A (still-clean)
  0x1153DD: expected 97, found 19 (still-clean)
  0x1153DE: expected 0A, found 14 (still-clean)
  0x1153E0: expected 19, found 97 (still-clean)
  0x1153E1: expected 14, found 46 (still-clean)
  0x1153E3: expected 1A, found 4D (still-clean)
  0x1153E4: expected 46, found FA (still-clean)
  0x1153E6: expected 4D, found 1A (still-clean)
  0x115708: expected 2C, found 0D (still-clean)
  0x11570E: expected E4, found A4 (still-clean)  explains: FFV (RPGe) Even Better Weapons, by xJ4cks.ips
  0x11570F: expected 06, found 02 (still-clean)  explains: FFV (RPGe) Even Better Weapons, by xJ4cks.ips
  0x115710: expected 07, found 01 (still-clean)  explains: FFV (RPGe) Even Better Weapons, by xJ4cks.ips
  0x115711: expected 08, found 80 (conflict)  explains: FFV - Weapon 1.7 Equip for Thief, Ninja.ips, FFV Clean - Serity's Equip Icons upgrade.ips
  0x115712: expected A5, found A4 (still-clean)  explains: FFV (RPGe) Even Better Weapons, by xJ4cks.ips
  0x115714: expected 1C, found 11 (still-clean)
  0x11571B: expected 06, found 02 (still-clean)  explains: FFV (RPGe) Even Better Weapons, by xJ4cks.ips
  0x11571C: expected 9C, found 81 (still-clean)  explains: FFV (RPGe) Even Better Weapons, by xJ4cks.ips
  0x11571F: expected 05, found 01 (still-clean)  explains: FFV (RPGe) Even Better Weapons, by xJ4cks.ips
  0x115720: expected 68, found 61 (still-clean)
  0x115724: expected 31, found 01 (still-clean)
  0x115726: expected A7, found A4 (still-clean)  explains: FFV (RPGe) Even Better Weapons, by xJ4cks.ips
  ... 643 more mismatched bytes omitted

=== backups, other ppls patches\Game versions\Final Fantasy V-Pixel Freemaster (v4.85 by Nintenja and Various authors).7z::Final Fantasy V-Pixel Freemaster (All Jobs Unlocked not included & No 2x abp,gil,xp).ips [PARTIAL, 6.9% of 290334 informative bytes, delta 0] ===
  0x000055: expected AD, found 20 (still-clean)
  0x000056: expected 3A, found 1D (still-clean)
  0x000057: expected 01, found 49 (still-clean)
  0x000058: expected D0, found AD (still-clean)
  0x000059: expected 20, found F9 (still-clean)
  0x00005A: expected 20, found 0A (still-clean)
  0x00005B: expected 1D, found 8D (still-clean)
  0x00005C: expected 49, found 60 (still-clean)
  0x00005D: expected 20, found 0B (still-clean)
  0x00005E: expected 23, found 4A (still-clean)
  0x00005F: expected 49, found 8D (still-clean)
  0x000060: expected A9, found 5F (still-clean)
  0x000061: expected 01, found 0B (still-clean)
  0x000062: expected 85, found A9 (still-clean)
  0x000063: expected BD, found 01 (still-clean)
  0x000065: expected BC, found BD (still-clean)
  0x000066: expected 1A, found 85 (still-clean)
  0x000067: expected 85, found BC (still-clean)
  0x000068: expected B9, found 1A (still-clean)
  0x000069: expected AD, found 85 (still-clean)
  0x00006A: expected D8, found B9 (still-clean)
  0x00006B: expected 0A, found AD (still-clean)
  0x00006C: expected 8D, found D8 (still-clean)
  0x00006D: expected 88, found 0A (still-clean)
  0x00006E: expected 10, found 8D (still-clean)
  0x00006F: expected AD, found 88 (still-clean)
  0x000070: expected D9, found 10 (still-clean)
  0x000071: expected 0A, found AD (still-clean)
  0x000072: expected 8D, found D9 (still-clean)
  0x000073: expected 89, found 0A (still-clean)
  0x000074: expected 10, found 8D (still-clean)
  0x000075: expected 20, found 89 (still-clean)
  0x000076: expected 5D, found 10 (still-clean)
  0x000077: expected 54, found 20 (still-clean)
  0x000078: expected 80, found 5D (still-clean)
  0x000079: expected 30, found 54 (still-clean)
  0x00007A: expected 20, found 4C (still-clean)
  0x00007B: expected 3B, found AD (still-clean)
  0x00007C: expected 45, found 00 (still-clean)
  0x00022F: expected EA, found F0 (still-clean)
  0x000230: expected EA, found 15 (still-clean)
  0x000FA7: expected A5, found 20 (still-clean)
  0x000FA8: expected 57, found 4A (still-clean)
  0x000FA9: expected D0, found 10 (still-clean)
  0x000FAA: expected 1D, found A5 (still-clean)
  0x000FAB: expected AD, found 03 (still-clean)
  0x000FAC: expected DC, found 29 (still-clean)
  0x000FAD: expected 0A, found 0F (still-clean)
  0x000FAE: expected F0, found D0 (still-clean)
  0x000FAF: expected 0B, found 03 (still-clean)
  0x000FB0: expected 3A, found 4C (still-clean)
  0x000FB1: expected 0A, found 03 (still-clean)
  0x000FB2: expected 0A, found 10 (still-clean)
  0x000FB3: expected A8, found A5 (still-clean)
  0x000FB4: expected B9, found 03 (still-clean)
  0x000FB5: expected DD, found 29 (still-clean)
  0x000FB6: expected 0A, found 08 (still-clean)
  0x000FB7: expected 29, found F0 (still-clean)
  0x000FB8: expected 1C, found 0E (still-clean)
  0x000FB9: expected 4A, found A9 (still-clean)
  0x000FBA: expected 4A, found 01 (still-clean)
  0x000FBB: expected AA, found 85 (still-clean)
  0x000FBC: expected BF, found C4 (still-clean)
  0x000FBD: expected B3, found 20 (still-clean)
  ... 270203 more mismatched bytes omitted

=== backups, other ppls patches\Game versions\Final Fantasy V-Pixel Freemaster (v4.85 by Nintenja and Various authors).7z::Final Fantasy V-Pixel Freemaster (All Jobs Unlocked not included + 2x abp,gil,xp).ips [PARTIAL, 6.9% of 290394 informative bytes, delta 0] ===
  0x000055: expected AD, found 20 (still-clean)
  0x000056: expected 3A, found 1D (still-clean)
  0x000057: expected 01, found 49 (still-clean)
  0x000058: expected D0, found AD (still-clean)
  0x000059: expected 20, found F9 (still-clean)
  0x00005A: expected 20, found 0A (still-clean)
  0x00005B: expected 1D, found 8D (still-clean)
  0x00005C: expected 49, found 60 (still-clean)
  0x00005D: expected 20, found 0B (still-clean)
  0x00005E: expected 23, found 4A (still-clean)
  0x00005F: expected 49, found 8D (still-clean)
  0x000060: expected A9, found 5F (still-clean)
  0x000061: expected 01, found 0B (still-clean)
  0x000062: expected 85, found A9 (still-clean)
  0x000063: expected BD, found 01 (still-clean)
  0x000065: expected BC, found BD (still-clean)
  0x000066: expected 1A, found 85 (still-clean)
  0x000067: expected 85, found BC (still-clean)
  0x000068: expected B9, found 1A (still-clean)
  0x000069: expected AD, found 85 (still-clean)
  0x00006A: expected D8, found B9 (still-clean)
  0x00006B: expected 0A, found AD (still-clean)
  0x00006C: expected 8D, found D8 (still-clean)
  0x00006D: expected 88, found 0A (still-clean)
  0x00006E: expected 10, found 8D (still-clean)
  0x00006F: expected AD, found 88 (still-clean)
  0x000070: expected D9, found 10 (still-clean)
  0x000071: expected 0A, found AD (still-clean)
  0x000072: expected 8D, found D9 (still-clean)
  0x000073: expected 89, found 0A (still-clean)
  0x000074: expected 10, found 8D (still-clean)
  0x000075: expected 20, found 89 (still-clean)
  0x000076: expected 5D, found 10 (still-clean)
  0x000077: expected 54, found 20 (still-clean)
  0x000078: expected 80, found 5D (still-clean)
  0x000079: expected 30, found 54 (still-clean)
  0x00007A: expected 20, found 4C (still-clean)
  0x00007B: expected 3B, found AD (still-clean)
  0x00007C: expected 45, found 00 (still-clean)
  0x00022F: expected EA, found F0 (still-clean)
  0x000230: expected EA, found 15 (still-clean)
  0x000FA7: expected A5, found 20 (still-clean)
  0x000FA8: expected 57, found 4A (still-clean)
  0x000FA9: expected D0, found 10 (still-clean)
  0x000FAA: expected 1D, found A5 (still-clean)
  0x000FAB: expected AD, found 03 (still-clean)
  0x000FAC: expected DC, found 29 (still-clean)
  0x000FAD: expected 0A, found 0F (still-clean)
  0x000FAE: expected F0, found D0 (still-clean)
  0x000FAF: expected 0B, found 03 (still-clean)
  0x000FB0: expected 3A, found 4C (still-clean)
  0x000FB1: expected 0A, found 03 (still-clean)
  0x000FB2: expected 0A, found 10 (still-clean)
  0x000FB3: expected A8, found A5 (still-clean)
  0x000FB4: expected B9, found 03 (still-clean)
  0x000FB5: expected DD, found 29 (still-clean)
  0x000FB6: expected 0A, found 08 (still-clean)
  0x000FB7: expected 29, found F0 (still-clean)
  0x000FB8: expected 1C, found 0E (still-clean)
  0x000FB9: expected 4A, found A9 (still-clean)
  0x000FBA: expected 4A, found 01 (still-clean)
  0x000FBB: expected AA, found 85 (still-clean)
  0x000FBC: expected BF, found C4 (still-clean)
  0x000FBD: expected B3, found 20 (still-clean)
  ... 270263 more mismatched bytes omitted

=== backups, other ppls patches\Game versions\Final Fantasy V-Pixel Freemaster (v4.85 by Nintenja and Various authors).7z::Final Fantasy V-Pixel Freemaster-Kick Butz Edition (All Jobs Unlocked Included & No 2x abp,gil,xp).ips [PARTIAL, 6.9% of 290351 informative bytes, delta 0] ===
  0x000055: expected AD, found 20 (still-clean)
  0x000056: expected 3A, found 1D (still-clean)
  0x000057: expected 01, found 49 (still-clean)
  0x000058: expected D0, found AD (still-clean)
  0x000059: expected 20, found F9 (still-clean)
  0x00005A: expected 20, found 0A (still-clean)
  0x00005B: expected 1D, found 8D (still-clean)
  0x00005C: expected 49, found 60 (still-clean)
  0x00005D: expected 20, found 0B (still-clean)
  0x00005E: expected 23, found 4A (still-clean)
  0x00005F: expected 49, found 8D (still-clean)
  0x000060: expected A9, found 5F (still-clean)
  0x000061: expected 01, found 0B (still-clean)
  0x000062: expected 85, found A9 (still-clean)
  0x000063: expected BD, found 01 (still-clean)
  0x000065: expected BC, found BD (still-clean)
  0x000066: expected 1A, found 85 (still-clean)
  0x000067: expected 85, found BC (still-clean)
  0x000068: expected B9, found 1A (still-clean)
  0x000069: expected AD, found 85 (still-clean)
  0x00006A: expected D8, found B9 (still-clean)
  0x00006B: expected 0A, found AD (still-clean)
  0x00006C: expected 8D, found D8 (still-clean)
  0x00006D: expected 88, found 0A (still-clean)
  0x00006E: expected 10, found 8D (still-clean)
  0x00006F: expected AD, found 88 (still-clean)
  0x000070: expected D9, found 10 (still-clean)
  0x000071: expected 0A, found AD (still-clean)
  0x000072: expected 8D, found D9 (still-clean)
  0x000073: expected 89, found 0A (still-clean)
  0x000074: expected 10, found 8D (still-clean)
  0x000075: expected 20, found 89 (still-clean)
  0x000076: expected 5D, found 10 (still-clean)
  0x000077: expected 54, found 20 (still-clean)
  0x000078: expected 80, found 5D (still-clean)
  0x000079: expected 30, found 54 (still-clean)
  0x00007A: expected 20, found 4C (still-clean)
  0x00007B: expected 3B, found AD (still-clean)
  0x00007C: expected 45, found 00 (still-clean)
  0x00022F: expected EA, found F0 (still-clean)
  0x000230: expected EA, found 15 (still-clean)
  0x000FA7: expected A5, found 20 (still-clean)
  0x000FA8: expected 57, found 4A (still-clean)
  0x000FA9: expected D0, found 10 (still-clean)
  0x000FAA: expected 1D, found A5 (still-clean)
  0x000FAB: expected AD, found 03 (still-clean)
  0x000FAC: expected DC, found 29 (still-clean)
  0x000FAD: expected 0A, found 0F (still-clean)
  0x000FAE: expected F0, found D0 (still-clean)
  0x000FAF: expected 0B, found 03 (still-clean)
  0x000FB0: expected 3A, found 4C (still-clean)
  0x000FB1: expected 0A, found 03 (still-clean)
  0x000FB2: expected 0A, found 10 (still-clean)
  0x000FB3: expected A8, found A5 (still-clean)
  0x000FB4: expected B9, found 03 (still-clean)
  0x000FB5: expected DD, found 29 (still-clean)
  0x000FB6: expected 0A, found 08 (still-clean)
  0x000FB7: expected 29, found F0 (still-clean)
  0x000FB8: expected 1C, found 0E (still-clean)
  0x000FB9: expected 4A, found A9 (still-clean)
  0x000FBA: expected 4A, found 01 (still-clean)
  0x000FBB: expected AA, found 85 (still-clean)
  0x000FBC: expected BF, found C4 (still-clean)
  0x000FBD: expected B3, found 20 (still-clean)
  ... 270220 more mismatched bytes omitted

=== backups, other ppls patches\Game versions\Final Fantasy V-Pixel Freemaster (v4.85 by Nintenja and Various authors).7z::Final Fantasy V-Pixel Freemaster-Kick Butz Edition (All Jobs Unlocked Included + 2x abp,gil,xp).ips [PARTIAL, 6.7% of 289027 informative bytes, delta 0] ===
  0x000055: expected AD, found 20 (still-clean)
  0x000056: expected 3A, found 1D (still-clean)
  0x000057: expected 01, found 49 (still-clean)
  0x000058: expected D0, found AD (still-clean)
  0x000059: expected 20, found F9 (still-clean)
  0x00005A: expected 20, found 0A (still-clean)
  0x00005B: expected 1D, found 8D (still-clean)
  0x00005C: expected 49, found 60 (still-clean)
  0x00005D: expected 20, found 0B (still-clean)
  0x00005E: expected 23, found 4A (still-clean)
  0x00005F: expected 49, found 8D (still-clean)
  0x000060: expected A9, found 5F (still-clean)
  0x000061: expected 01, found 0B (still-clean)
  0x000062: expected 85, found A9 (still-clean)
  0x000063: expected BD, found 01 (still-clean)
  0x000065: expected BC, found BD (still-clean)
  0x000066: expected 1A, found 85 (still-clean)
  0x000067: expected 85, found BC (still-clean)
  0x000068: expected B9, found 1A (still-clean)
  0x000069: expected AD, found 85 (still-clean)
  0x00006A: expected D8, found B9 (still-clean)
  0x00006B: expected 0A, found AD (still-clean)
  0x00006C: expected 8D, found D8 (still-clean)
  0x00006D: expected 88, found 0A (still-clean)
  0x00006E: expected 10, found 8D (still-clean)
  0x00006F: expected AD, found 88 (still-clean)
  0x000070: expected D9, found 10 (still-clean)
  0x000071: expected 0A, found AD (still-clean)
  0x000072: expected 8D, found D9 (still-clean)
  0x000073: expected 89, found 0A (still-clean)
  0x000074: expected 10, found 8D (still-clean)
  0x000075: expected 20, found 89 (still-clean)
  0x000076: expected 5D, found 10 (still-clean)
  0x000077: expected 54, found 20 (still-clean)
  0x000078: expected 80, found 5D (still-clean)
  0x000079: expected 30, found 54 (still-clean)
  0x00007A: expected 20, found 4C (still-clean)
  0x00007B: expected 3B, found AD (still-clean)
  0x00007C: expected 45, found 00 (still-clean)
  0x00022F: expected EA, found F0 (still-clean)
  0x000230: expected EA, found 15 (still-clean)
  0x000FA7: expected A5, found 20 (still-clean)
  0x000FA8: expected 57, found 4A (still-clean)
  0x000FA9: expected D0, found 10 (still-clean)
  0x000FAA: expected 1D, found A5 (still-clean)
  0x000FAB: expected AD, found 03 (still-clean)
  0x000FAC: expected DC, found 29 (still-clean)
  0x000FAD: expected 0A, found 0F (still-clean)
  0x000FAE: expected F0, found D0 (still-clean)
  0x000FAF: expected 0B, found 03 (still-clean)
  0x000FB0: expected 3A, found 4C (still-clean)
  0x000FB1: expected 0A, found 03 (still-clean)
  0x000FB2: expected 0A, found 10 (still-clean)
  0x000FB3: expected A8, found A5 (still-clean)
  0x000FB4: expected B9, found 03 (still-clean)
  0x000FB5: expected DD, found 29 (still-clean)
  0x000FB6: expected 0A, found 08 (still-clean)
  0x000FB7: expected 29, found F0 (still-clean)
  0x000FB8: expected 1C, found 0E (still-clean)
  0x000FB9: expected 4A, found A9 (still-clean)
  0x000FBA: expected 4A, found 01 (still-clean)
  0x000FBB: expected AA, found 85 (still-clean)
  0x000FBC: expected BF, found C4 (still-clean)
  0x000FBD: expected B3, found 20 (still-clean)
  ... 269629 more mismatched bytes omitted

